1.0,666.0,424.0,648.0,513.0,652.0,522.0,661.0,509.0,671.0,421.0,688.0,356.0,690.0,296.0,686.0,239.0,663.0,203.0,652.0,306.0,653.0,396.0,647.0,533.0,641.0,559.0,644.0,518.0,653.0,476.0,672.0,340.0,673.0,266.0,660.0,164.0,639.0,162.0,632.0,163.0,622.0,261.0,615.0,354.0,610.0,443.0,610.0,539.0,617.0,523.0,622.0,487.0,630.0,429.0,642.0,277.0,638.0,199.0,628.0,155.0
1.0,614.0,417.0,606.0,496.0,603.0,535.0,606.0,533.0,621.0,426.0,637.0,344.0,650.0,260.0,672.0,156.0,653.0,153.0,655.0,167.0,649.0,314.0,642.0,424.0,628.0,505.0,630.0,552.0,631.0,543.0,639.0,500.0,650.0,434.0,661.0,273.0,650.0,182.0,638.0,181.0,629.0,263.0,625.0,361.0,617.0,463.0,623.0,560.0,628.0,561.0,634.0,541.0,651.0,451.0,663.0,374.0,669.0,292.0,665.0,170.0
1.0,635.0,148.0,632.0,150.0,630.0,175.0,656.0,385.0,665.0,482.0,657.0,572.0,661.0,559.0,668.0,516.0,687.0,365.0,694.0,274.0,691.0,192.0,665.0,162.0,655.0,166.0,646.0,182.0,641.0,313.0,644.0,418.0,635.0,538.0,637.0,558.0,651.0,539.0,668.0,435.0,666.0,347.0,655.0,250.0,626.0,155.0,614.0,146.0,608.0,148.0,604.0,211.0,614.0,302.0,613.0,523.0,598.0,577.0,605.0,583.0
1.0,625.0,547.0,637.0,492.0,646.0,409.0,649.0,202.0,643.0,162.0,623.0,148.0,620.0,160.0,622.0,194.0,628.0,398.0,631.0,482.0,629.0,543.0,635.0,578.0,648.0,549.0,660.0,502.0,678.0,348.0,682.0,261.0,682.0,188.0,680.0,190.0,678.0,207.0,666.0,363.0,660.0,446.0,651.0,507.0,641.0,581.0,643.0,581.0,646.0,558.0,651.0,457.0,651.0,370.0,630.0,191.0,621.0,167.0,609.0,161.0
1.0,623.0,172.0,614.0,167.0,613.0,168.0,626.0,233.0,618.0,305.0,604.0,450.0,605.0,497.0,612.0,529.0,627.0,531.0,638.0,493.0,649.0,430.0,658.0,345.0,663.0,194.0,660.0,169.0,658.0,167.0,655.0,174.0,656.0,280.0,644.0,466.0,644.0,519.0,643.0,566.0,646.0,553.0,649.0,527.0,662.0,426.0,666.0,343.0,663.0,253.0,649.0,165.0,640.0,158.0,638.0,160.0,636.0,182.0,634.0,323.0
1.0,633.0,246.0,628.0,444.0,631.0,512.0,627.0,564.0,631.0,600.0,634.0,582.0,645.0,550.0,651.0,502.0,650.0,355.0,639.0,226.0,635.0,210.0,636.0,260.0,636.0,339.0,641.0,431.0,641.0,554.0,639.0,587.0,639.0,595.0,637.0,557.0,638.0,518.0,634.0,469.0,614.0,305.0,605.0,219.0,583.0,175.0,582.0,177.0,597.0,233.0,602.0,330.0,613.0,435.0,611.0,515.0,588.0,586.0,585.0,566.0
1.0,530.0,582.0,528.0,580.0,571.0,529.0,589.0,439.0,599.0,375.0,593.0,243.0,588.0,183.0,574.0,176.0,569.0,190.0,571.0,211.0,580.0,320.0,576.0,461.0,577.0,512.0,576.0,555.0,605.0,523.0,607.0,489.0,632.0,392.0,635.0,330.0,631.0,212.0,625.0,190.0,605.0,170.0,599.0,170.0,597.0,207.0,606.0,300.0,605.0,378.0,603.0,485.0,606.0,526.0,602.0,534.0,616.0,472.0,615.0,375.0
1.0,609.0,378.0,614.0,313.0,615.0,200.0,613.0,183.0,606.0,177.0,605.0,184.0,611.0,229.0,620.0,381.0,605.0,454.0,595.0,539.0,597.0,545.0,614.0,508.0,621.0,424.0,638.0,362.0,642.0,240.0,641.0,198.0,627.0,192.0,618.0,190.0,614.0,209.0,609.0,302.0,609.0,383.0,588.0,503.0,572.0,541.0,573.0,540.0,583.0,520.0,600.0,452.0,615.0,335.0,609.0,263.0,600.0,175.0,580.0,146.0
1.0,627.0,189.0,613.0,147.0,609.0,140.0,609.0,155.0,615.0,184.0,620.0,311.0,612.0,495.0,609.0,550.0,606.0,589.0,611.0,569.0,622.0,483.0,622.0,349.0,619.0,268.0,606.0,176.0,589.0,159.0,584.0,164.0,577.0,217.0,579.0,272.0,576.0,475.0,569.0,588.0,574.0,605.0,592.0,571.0,605.0,488.0,609.0,432.0,612.0,267.0,614.0,197.0,598.0,152.0,587.0,150.0,585.0,163.0,585.0,246.0
1.0,568.0,314.0,581.0,523.0,582.0,591.0,597.0,618.0,605.0,594.0,631.0,498.0,658.0,346.0,672.0,253.0,691.0,164.0,692.0,141.0,691.0,145.0,691.0,207.0,689.0,254.0,650.0,452.0,634.0,556.0,638.0,570.0,643.0,519.0,647.0,407.0,647.0,320.0,637.0,172.0,618.0,120.0,604.0,109.0,600.0,121.0,604.0,196.0,607.0,258.0,584.0,477.0,558.0,613.0,539.0,618.0,590.0,548.0,593.0,489.0
1.0,561.0,314.0,551.0,185.0,550.0,152.0,550.0,127.0,556.0,147.0,560.0,182.0,571.0,225.0,584.0,324.0,588.0,502.0,563.0,547.0,560.0,541.0,585.0,459.0,592.0,402.0,612.0,257.0,614.0,200.0,619.0,160.0,611.0,159.0,606.0,177.0,593.0,243.0,593.0,350.0,581.0,551.0,534.0,635.0,533.0,629.0,591.0,551.0,607.0,492.0,605.0,336.0,584.0,200.0,579.0,172.0,570.0,151.0,570.0,157.0
1.0,614.0,227.0,607.0,294.0,591.0,498.0,578.0,575.0,539.0,617.0,574.0,589.0,620.0,476.0,632.0,393.0,645.0,227.0,649.0,185.0,639.0,160.0,641.0,160.0,645.0,206.0,629.0,325.0,614.0,434.0,574.0,588.0,562.0,607.0,602.0,554.0,664.0,463.0,671.0,380.0,670.0,197.0,666.0,161.0,639.0,134.0,631.0,145.0,629.0,176.0,629.0,333.0,631.0,450.0,629.0,595.0,622.0,623.0,617.0,590.0
1.0,615.0,576.0,630.0,539.0,654.0,423.0,659.0,334.0,657.0,179.0,645.0,157.0,631.0,140.0,626.0,172.0,634.0,216.0,634.0,432.0,633.0,507.0,616.0,607.0,612.0,615.0,637.0,573.0,669.0,490.0,679.0,337.0,669.0,249.0,641.0,161.0,625.0,153.0,607.0,162.0,619.0,247.0,613.0,343.0,615.0,504.0,607.0,559.0,587.0,608.0,590.0,598.0,610.0,528.0,614.0,477.0,608.0,306.0,600.0,208.0
1.0,618.0,152.0,611.0,124.0,611.0,125.0,607.0,173.0,606.0,223.0,606.0,441.0,604.0,609.0,607.0,648.0,628.0,630.0,637.0,590.0,655.0,468.0,650.0,281.0,624.0,211.0,605.0,156.0,592.0,145.0,590.0,161.0,591.0,234.0,582.0,424.0,576.0,505.0,543.0,585.0,561.0,577.0,578.0,505.0,604.0,396.0,618.0,322.0,636.0,195.0,637.0,166.0,615.0,133.0,607.0,149.0,607.0,184.0,599.0,290.0
1.0,595.0,477.0,610.0,334.0,609.0,253.0,613.0,164.0,604.0,145.0,594.0,149.0,595.0,220.0,597.0,293.0,585.0,510.0,519.0,642.0,520.0,657.0,565.0,600.0,594.0,554.0,617.0,420.0,638.0,251.0,639.0,194.0,615.0,154.0,613.0,146.0,614.0,187.0,616.0,229.0,595.0,395.0,581.0,556.0,557.0,608.0,547.0,611.0,589.0,524.0,603.0,460.0,598.0,294.0,593.0,217.0,580.0,176.0,577.0,169.0
1.0,634.0,503.0,645.0,341.0,644.0,240.0,641.0,154.0,628.0,147.0,621.0,162.0,623.0,242.0,622.0,374.0,617.0,547.0,605.0,595.0,614.0,596.0,627.0,563.0,651.0,455.0,662.0,277.0,665.0,190.0,645.0,144.0,634.0,137.0,630.0,158.0,628.0,192.0,630.0,373.0,627.0,538.0,623.0,589.0,632.0,595.0,641.0,559.0,660.0,441.0,660.0,252.0,654.0,175.0,643.0,144.0,613.0,118.0,604.0,124.0
1.0,618.0,125.0,615.0,128.0,620.0,154.0,626.0,311.0,625.0,437.0,622.0,593.0,606.0,640.0,629.0,619.0,641.0,576.0,658.0,439.0,657.0,329.0,647.0,170.0,624.0,136.0,622.0,135.0,623.0,181.0,623.0,234.0,626.0,491.0,619.0,569.0,617.0,613.0,644.0,545.0,657.0,485.0,682.0,285.0,684.0,187.0,656.0,137.0,644.0,143.0,642.0,175.0,649.0,361.0,643.0,561.0,619.0,644.0,615.0,627.0
1.0,621.0,255.0,613.0,372.0,590.0,580.0,568.0,663.0,573.0,644.0,621.0,536.0,636.0,381.0,640.0,221.0,644.0,195.0,636.0,203.0,635.0,234.0,630.0,318.0,605.0,511.0,567.0,636.0,569.0,643.0,628.0,570.0,651.0,502.0,669.0,319.0,680.0,184.0,675.0,172.0,666.0,174.0,672.0,227.0,650.0,424.0,624.0,536.0,606.0,678.0,611.0,674.0,621.0,577.0,655.0,510.0,669.0,324.0,702.0,192.0
1.0,732.0,334.0,662.0,529.0,632.0,581.0,618.0,609.0,625.0,579.0,654.0,538.0,677.0,399.0,695.0,233.0,690.0,188.0,646.0,179.0,639.0,185.0,633.0,278.0,634.0,491.0,621.0,562.0,595.0,640.0,591.0,634.0,611.0,549.0,636.0,379.0,642.0,274.0,630.0,155.0,613.0,136.0,605.0,132.0,596.0,196.0,598.0,297.0,602.0,529.0,582.0,645.0,559.0,642.0,569.0,553.0,580.0,487.0,591.0,286.0
1.0,640.0,278.0,633.0,514.0,627.0,589.0,630.0,625.0,633.0,597.0,667.0,484.0,673.0,390.0,686.0,178.0,677.0,139.0,643.0,106.0,644.0,106.0,636.0,155.0,633.0,347.0,627.0,485.0,612.0,652.0,581.0,643.0,550.0,595.0,585.0,430.0,593.0,298.0,592.0,143.0,576.0,97.0,569.0,96.0,561.0,125.0,554.0,178.0,550.0,402.0,551.0,514.0,552.0,643.0,551.0,649.0,551.0,584.0,557.0,524.0
1.0,599.0,493.0,594.0,257.0,577.0,183.0,582.0,100.0,583.0,83.0,573.0,88.0,570.0,106.0,568.0,225.0,570.0,448.0,568.0,541.0,537.0,612.0,583.0,542.0,600.0,478.0,613.0,310.0,604.0,212.0,587.0,128.0,568.0,103.0,565.0,105.0,555.0,176.0,551.0,234.0,551.0,464.0,547.0,572.0,569.0,643.0,566.0,654.0,584.0,608.0,598.0,434.0,601.0,322.0,618.0,153.0,606.0,123.0,593.0,114.0
1.0,611.0,302.0,611.0,204.0,616.0,130.0,609.0,112.0,606.0,115.0,606.0,186.0,603.0,239.0,576.0,463.0,573.0,551.0,532.0,634.0,560.0,593.0,579.0,533.0,604.0,374.0,622.0,281.0,645.0,197.0,665.0,149.0,668.0,100.0,652.0,117.0,656.0,148.0,634.0,249.0,613.0,367.0,597.0,572.0,601.0,639.0,620.0,619.0,643.0,517.0,641.0,447.0,642.0,273.0,632.0,188.0,602.0,104.0,580.0,90.0
1.0,536.0,124.0,535.0,162.0,540.0,297.0,545.0,492.0,541.0,565.0,526.0,624.0,538.0,606.0,573.0,495.0,575.0,416.0,562.0,236.0,554.0,164.0,553.0,154.0,559.0,156.0,579.0,205.0,589.0,336.0,585.0,444.0,571.0,603.0,558.0,633.0,600.0,584.0,617.0,449.0,611.0,360.0,589.0,191.0,579.0,159.0,572.0,133.0,574.0,154.0,575.0,201.0,573.0,362.0,565.0,469.0,555.0,622.0,574.0,614.0
1.0,581.0,134.0,579.0,183.0,574.0,395.0,571.0,500.0,567.0,663.0,544.0,694.0,542.0,657.0,553.0,557.0,556.0,490.0,549.0,299.0,539.0,198.0,524.0,141.0,516.0,139.0,515.0,151.0,515.0,243.0,526.0,461.0,544.0,583.0,553.0,608.0,568.0,575.0,583.0,474.0,589.0,392.0,592.0,295.0,600.0,159.0,600.0,134.0,581.0,124.0,578.0,128.0,567.0,182.0,553.0,379.0,551.0,471.0,558.0,576.0
1.0,657.0,255.0,657.0,196.0,648.0,179.0,640.0,187.0,635.0,222.0,627.0,324.0,624.0,559.0,601.0,622.0,596.0,636.0,614.0,563.0,620.0,499.0,624.0,408.0,598.0,191.0,585.0,160.0,573.0,146.0,566.0,163.0,569.0,204.0,566.0,450.0,556.0,535.0,523.0,596.0,537.0,584.0,554.0,530.0,560.0,459.0,566.0,224.0,567.0,151.0,566.0,108.0,568.0,110.0,569.0,119.0,570.0,221.0,572.0,380.0
1.0,603.0,293.0,603.0,525.0,593.0,588.0,587.0,610.0,606.0,544.0,613.0,479.0,615.0,267.0,616.0,177.0,619.0,144.0,611.0,133.0,608.0,151.0,611.0,325.0,619.0,465.0,619.0,543.0,597.0,596.0,592.0,567.0,595.0,514.0,601.0,335.0,598.0,222.0,590.0,156.0,576.0,109.0,568.0,109.0,562.0,125.0,552.0,258.0,564.0,441.0,546.0,634.0,531.0,653.0,563.0,570.0,558.0,358.0,529.0,132.0
1.0,577.0,483.0,582.0,369.0,587.0,145.0,589.0,112.0,584.0,107.0,583.0,123.0,585.0,179.0,578.0,456.0,561.0,529.0,545.0,560.0,568.0,480.0,578.0,383.0,585.0,261.0,595.0,111.0,592.0,90.0,584.0,87.0,581.0,101.0,580.0,156.0,577.0,236.0,589.0,508.0,591.0,574.0,597.0,593.0,605.0,565.0,608.0,437.0,604.0,330.0,609.0,212.0,599.0,105.0,588.0,94.0,591.0,96.0,582.0,96.0
1.0,500.0,99.0,493.0,100.0,503.0,225.0,512.0,405.0,530.0,515.0,527.0,586.0,535.0,580.0,557.0,453.0,566.0,336.0,560.0,138.0,552.0,103.0,543.0,94.0,539.0,102.0,543.0,205.0,539.0,387.0,513.0,544.0,503.0,547.0,520.0,510.0,555.0,346.0,570.0,226.0,579.0,145.0,586.0,99.0,583.0,69.0,573.0,77.0,572.0,111.0,548.0,329.0,534.0,466.0,510.0,528.0,493.0,513.0,512.0,453.0
1.0,497.0,553.0,481.0,576.0,493.0,542.0,522.0,476.0,551.0,221.0,550.0,137.0,555.0,95.0,555.0,82.0,553.0,80.0,555.0,110.0,558.0,185.0,567.0,491.0,559.0,583.0,558.0,607.0,584.0,549.0,590.0,347.0,586.0,203.0,573.0,96.0,566.0,97.0,561.0,93.0,556.0,102.0,557.0,257.0,552.0,440.0,547.0,538.0,500.0,602.0,514.0,566.0,541.0,415.0,532.0,322.0,510.0,164.0,512.0,95.0
2.0,551.0,465.0,550.0,465.0,547.0,462.0,541.0,451.0,528.0,424.0,511.0,378.0,521.0,239.0,605.0,154.0,663.0,151.0,768.0,191.0,790.0,241.0,796.0,309.0,740.0,452.0,644.0,502.0,605.0,489.0,541.0,390.0,514.0,318.0,512.0,246.0,572.0,162.0,665.0,162.0,714.0,180.0,768.0,277.0,765.0,417.0,729.0,479.0,627.0,544.0,576.0,558.0,525.0,547.0,439.0,471.0,408.0,327.0,424.0,252.0
2.0,752.0,274.0,759.0,349.0,742.0,419.0,702.0,477.0,603.0,517.0,501.0,464.0,452.0,409.0,406.0,272.0,428.0,166.0,500.0,137.0,555.0,136.0,663.0,153.0,750.0,200.0,770.0,302.0,757.0,364.0,699.0,470.0,608.0,519.0,554.0,520.0,460.0,462.0,422.0,403.0,406.0,262.0,449.0,167.0,534.0,143.0,635.0,155.0,693.0,157.0,730.0,194.0,721.0,286.0,714.0,352.0,660.0,459.0,574.0,517.0
2.0,748.0,430.0,703.0,487.0,638.0,531.0,575.0,548.0,500.0,529.0,364.0,410.0,340.0,303.0,367.0,183.0,493.0,114.0,582.0,107.0,673.0,124.0,797.0,216.0,799.0,298.0,769.0,385.0,718.0,465.0,652.0,513.0,588.0,534.0,468.0,471.0,426.0,385.0,424.0,282.0,463.0,180.0,516.0,144.0,581.0,130.0,654.0,127.0,796.0,187.0,807.0,243.0,799.0,321.0,761.0,408.0,715.0,483.0,651.0,529.0
2.0,388.0,424.0,365.0,307.0,387.0,179.0,440.0,139.0,612.0,133.0,715.0,149.0,774.0,218.0,764.0,401.0,722.0,485.0,656.0,535.0,589.0,565.0,432.0,514.0,361.0,450.0,335.0,349.0,341.0,234.0,380.0,165.0,507.0,116.0,582.0,127.0,689.0,139.0,758.0,212.0,776.0,287.0,739.0,474.0,679.0,525.0,614.0,558.0,433.0,519.0,340.0,451.0,304.0,341.0,307.0,214.0,348.0,155.0,409.0,116.0
2.0,383.0,236.0,431.0,160.0,494.0,124.0,567.0,104.0,756.0,142.0,801.0,187.0,808.0,257.0,788.0,354.0,683.0,504.0,623.0,541.0,550.0,546.0,375.0,457.0,323.0,361.0,318.0,246.0,351.0,167.0,408.0,127.0,489.0,93.0,565.0,88.0,669.0,101.0,772.0,164.0,812.0,226.0,821.0,375.0,783.0,456.0,719.0,498.0,597.0,555.0,541.0,555.0,481.0,521.0,385.0,361.0,379.0,246.0,434.0,124.0
2.0,506.0,527.0,439.0,490.0,322.0,320.0,311.0,205.0,327.0,152.0,398.0,108.0,493.0,82.0,591.0,99.0,719.0,128.0,786.0,191.0,784.0,271.0,757.0,413.0,624.0,558.0,558.0,595.0,489.0,607.0,332.0,519.0,293.0,435.0,290.0,315.0,333.0,152.0,390.0,110.0,476.0,75.0,560.0,87.0,655.0,83.0,758.0,135.0,788.0,280.0,761.0,381.0,715.0,469.0,566.0,546.0,481.0,540.0,392.0,504.0
2.0,818.0,213.0,776.0,421.0,724.0,493.0,645.0,548.0,467.0,566.0,366.0,518.0,299.0,445.0,264.0,215.0,290.0,166.0,365.0,125.0,481.0,103.0,612.0,130.0,732.0,166.0,794.0,236.0,794.0,332.0,759.0,442.0,696.0,506.0,545.0,561.0,455.0,540.0,378.0,492.0,307.0,328.0,299.0,226.0,313.0,167.0,356.0,129.0,428.0,89.0,515.0,78.0,736.0,120.0,809.0,158.0,822.0,288.0,778.0,388.0
2.0,318.0,141.0,399.0,93.0,521.0,80.0,640.0,101.0,760.0,162.0,806.0,234.0,773.0,451.0,727.0,517.0,568.0,611.0,470.0,623.0,372.0,591.0,284.0,456.0,265.0,343.0,276.0,219.0,383.0,115.0,474.0,92.0,557.0,90.0,672.0,112.0,771.0,177.0,807.0,263.0,804.0,375.0,693.0,518.0,619.0,557.0,527.0,570.0,315.0,519.0,254.0,463.0,212.0,364.0,218.0,177.0,271.0,127.0,352.0,79.0
2.0,512.0,589.0,356.0,542.0,303.0,492.0,265.0,406.0,269.0,190.0,331.0,143.0,415.0,107.0,525.0,100.0,624.0,117.0,719.0,163.0,757.0,214.0,742.0,394.0,689.0,475.0,625.0,533.0,479.0,569.0,395.0,555.0,364.0,532.0,297.0,372.0,311.0,262.0,333.0,160.0,403.0,109.0,476.0,72.0,554.0,81.0,750.0,128.0,792.0,184.0,757.0,345.0,708.0,441.0,545.0,551.0,419.0,574.0,286.0,540.0
2.0,575.0,77.0,719.0,117.0,801.0,175.0,820.0,249.0,763.0,459.0,696.0,521.0,563.0,584.0,476.0,565.0,388.0,517.0,278.0,334.0,272.0,195.0,294.0,136.0,368.0,84.0,460.0,67.0,562.0,159.0,718.0,77.0,798.0,142.0,815.0,214.0,777.0,321.0,643.0,502.0,564.0,538.0,466.0,544.0,302.0,470.0,265.0,376.0,262.0,258.0,289.0,177.0,452.0,97.0,568.0,92.0,680.0,110.0,788.0,161.0
2.0,259.0,394.0,268.0,201.0,316.0,159.0,385.0,116.0,492.0,94.0,588.0,108.0,775.0,206.0,781.0,270.0,723.0,463.0,661.0,520.0,514.0,573.0,425.0,570.0,347.0,548.0,260.0,462.0,244.0,383.0,269.0,195.0,323.0,153.0,399.0,112.0,500.0,101.0,586.0,119.0,752.0,201.0,753.0,297.0,702.0,479.0,639.0,530.0,484.0,563.0,393.0,534.0,323.0,487.0,288.0,321.0,294.0,211.0,313.0,161.0
2.0,763.0,143.0,801.0,204.0,773.0,322.0,708.0,438.0,551.0,517.0,472.0,524.0,326.0,436.0,309.0,350.0,301.0,250.0,324.0,130.0,375.0,86.0,473.0,81.0,563.0,77.0,660.0,115.0,734.0,184.0,681.0,356.0,627.0,422.0,523.0,508.0,448.0,522.0,365.0,499.0,302.0,450.0,296.0,267.0,320.0,167.0,347.0,127.0,399.0,80.0,458.0,65.0,538.0,78.0,672.0,72.0,766.0,136.0,798.0,324.0
2.0,598.0,85.0,731.0,134.0,794.0,204.0,798.0,299.0,711.0,494.0,640.0,550.0,568.0,567.0,378.0,511.0,309.0,449.0,262.0,259.0,269.0,176.0,302.0,138.0,367.0,94.0,471.0,81.0,586.0,97.0,719.0,130.0,791.0,262.0,750.0,361.0,688.0,442.0,555.0,526.0,475.0,538.0,395.0,516.0,284.0,393.0,266.0,285.0,272.0,179.0,316.0,134.0,384.0,94.0,480.0,87.0,714.0,141.0,783.0,209.0
2.0,385.0,86.0,478.0,82.0,572.0,88.0,710.0,129.0,761.0,287.0,735.0,425.0,680.0,505.0,517.0,601.0,418.0,594.0,341.0,558.0,257.0,400.0,247.0,269.0,279.0,172.0,343.0,132.0,543.0,100.0,669.0,128.0,761.0,198.0,787.0,258.0,769.0,381.0,634.0,553.0,545.0,587.0,338.0,552.0,291.0,504.0,263.0,402.0,271.0,205.0,290.0,149.0,360.0,103.0,466.0,84.0,579.0,102.0,781.0,171.0
2.0,262.0,175.0,318.0,135.0,390.0,94.0,481.0,80.0,570.0,102.0,765.0,190.0,779.0,251.0,733.0,431.0,646.0,524.0,599.0,548.0,541.0,554.0,408.0,511.0,349.0,461.0,327.0,378.0,359.0,189.0,411.0,139.0,477.0,95.0,615.0,101.0,730.0,102.0,789.0,138.0,823.0,183.0,773.0,331.0,717.0,420.0,572.0,520.0,410.0,534.0,343.0,510.0,273.0,397.0,268.0,300.0,307.0,151.0,375.0,102.0
2.0,284.0,464.0,248.0,375.0,243.0,257.0,323.0,148.0,422.0,115.0,540.0,112.0,729.0,155.0,765.0,194.0,755.0,237.0,729.0,350.0,683.0,436.0,628.0,503.0,564.0,548.0,419.0,542.0,368.0,504.0,313.0,357.0,323.0,260.0,337.0,195.0,361.0,149.0,443.0,100.0,519.0,76.0,605.0,122.0,728.0,115.0,797.0,147.0,803.0,205.0,760.0,281.0,621.0,450.0,554.0,494.0,401.0,532.0,340.0,523.0
2.0,588.0,461.0,516.0,500.0,418.0,510.0,331.0,489.0,270.0,433.0,247.0,352.0,249.0,247.0,257.0,192.0,293.0,154.0,452.0,117.0,548.0,142.0,628.0,175.0,689.0,216.0,683.0,383.0,644.0,458.0,585.0,516.0,531.0,553.0,393.0,542.0,341.0,508.0,312.0,454.0,303.0,290.0,320.0,218.0,353.0,172.0,418.0,141.0,490.0,127.0,653.0,151.0,714.0,186.0,723.0,223.0,709.0,319.0,665.0,418.0
2.0,643.0,152.0,733.0,197.0,728.0,378.0,691.0,469.0,580.0,578.0,477.0,585.0,373.0,553.0,278.0,411.0,265.0,297.0,314.0,155.0,379.0,113.0,467.0,86.0,557.0,89.0,654.0,113.0,773.0,173.0,811.0,238.0,768.0,458.0,709.0,508.0,643.0,553.0,497.0,534.0,436.0,479.0,400.0,379.0,409.0,157.0,451.0,113.0,500.0,81.0,581.0,93.0,708.0,84.0,790.0,110.0,862.0,228.0,842.0,310.0
2.0,782.0,120.0,857.0,192.0,854.0,255.0,754.0,449.0,668.0,509.0,600.0,544.0,439.0,497.0,348.0,418.0,325.0,318.0,341.0,151.0,395.0,106.0,485.0,101.0,576.0,138.0,709.0,105.0,869.0,165.0,873.0,226.0,865.0,303.0,830.0,412.0,701.0,521.0,625.0,549.0,542.0,523.0,371.0,389.0,342.0,283.0,364.0,139.0,420.0,105.0,500.0,87.0,589.0,96.0,793.0,162.0,823.0,201.0,800.0,351.0
2.0,385.0,94.0,493.0,85.0,595.0,86.0,736.0,115.0,808.0,179.0,807.0,238.0,749.0,445.0,706.0,513.0,648.0,556.0,509.0,533.0,431.0,482.0,356.0,402.0,349.0,186.0,387.0,148.0,449.0,117.0,604.0,114.0,706.0,125.0,780.0,213.0,778.0,314.0,698.0,486.0,637.0,530.0,579.0,538.0,499.0,513.0,353.0,381.0,358.0,290.0,415.0,159.0,471.0,130.0,536.0,121.0,723.0,135.0,799.0,167.0
2.0,832.0,231.0,817.0,313.0,780.0,406.0,658.0,521.0,598.0,548.0,528.0,554.0,376.0,480.0,317.0,407.0,312.0,321.0,325.0,175.0,364.0,140.0,434.0,121.0,613.0,122.0,712.0,145.0,784.0,199.0,782.0,295.0,714.0,483.0,644.0,538.0,477.0,584.0,378.0,565.0,267.0,481.0,247.0,402.0,240.0,293.0,318.0,149.0,391.0,109.0,501.0,110.0,603.0,142.0,695.0,167.0,739.0,353.0,692.0,474.0
2.0,278.0,486.0,257.0,408.0,256.0,316.0,281.0,178.0,334.0,133.0,413.0,107.0,530.0,123.0,655.0,146.0,756.0,192.0,814.0,312.0,786.0,410.0,746.0,480.0,679.0,538.0,556.0,597.0,475.0,593.0,398.0,564.0,310.0,463.0,300.0,371.0,394.0,193.0,484.0,161.0,588.0,156.0,696.0,146.0,824.0,209.0,830.0,251.0,782.0,418.0,739.0,485.0,679.0,537.0,549.0,594.0,464.0,588.0,337.0,521.0
2.0,733.0,463.0,674.0,540.0,615.0,588.0,533.0,604.0,384.0,560.0,351.0,511.0,311.0,409.0,350.0,213.0,469.0,128.0,558.0,129.0,643.0,137.0,740.0,170.0,785.0,216.0,744.0,414.0,671.0,494.0,602.0,559.0,433.0,571.0,351.0,537.0,322.0,485.0,267.0,287.0,268.0,216.0,279.0,161.0,332.0,115.0,520.0,107.0,615.0,131.0,694.0,173.0,718.0,230.0,706.0,356.0,675.0,459.0,545.0,570.0
2.0,532.0,124.0,634.0,141.0,742.0,184.0,774.0,245.0,732.0,418.0,676.0,491.0,641.0,549.0,498.0,593.0,412.0,581.0,302.0,518.0,262.0,466.0,260.0,287.0,281.0,211.0,335.0,179.0,408.0,150.0,507.0,147.0,600.0,179.0,712.0,195.0,765.0,247.0,735.0,450.0,674.0,511.0,593.0,567.0,544.0,569.0,422.0,523.0,371.0,479.0,332.0,414.0,343.0,228.0,378.0,176.0,439.0,146.0,521.0,139.0
2.0,297.0,298.0,355.0,172.0,430.0,140.0,531.0,141.0,626.0,159.0,724.0,195.0,762.0,257.0,745.0,406.0,725.0,453.0,651.0,533.0,603.0,557.0,547.0,568.0,430.0,532.0,387.0,490.0,354.0,433.0,342.0,346.0,401.0,198.0,454.0,169.0,531.0,153.0,617.0,168.0,720.0,171.0,798.0,258.0,787.0,362.0,709.0,481.0,661.0,526.0,583.0,577.0,524.0,580.0,465.0,569.0,374.0,506.0,347.0,455.0
2.0,518.0,579.0,360.0,563.0,311.0,528.0,271.0,470.0,260.0,279.0,284.0,209.0,342.0,176.0,407.0,152.0,503.0,160.0,595.0,195.0,692.0,213.0,734.0,256.0,727.0,350.0,662.0,512.0,625.0,555.0,566.0,582.0,411.0,576.0,355.0,542.0,321.0,408.0,338.0,301.0,432.0,168.0,593.0,124.0,708.0,135.0,784.0,166.0,793.0,211.0,748.0,324.0,701.0,406.0,640.0,474.0,516.0,560.0,442.0,583.0
2.0,728.0,227.0,757.0,296.0,749.0,392.0,723.0,468.0,662.0,526.0,500.0,571.0,418.0,570.0,373.0,554.0,306.0,471.0,294.0,388.0,283.0,303.0,321.0,208.0,485.0,162.0,581.0,172.0,673.0,192.0,741.0,238.0,749.0,341.0,751.0,435.0,677.0,534.0,616.0,560.0,484.0,585.0,406.0,572.0,343.0,541.0,264.0,444.0,266.0,361.0,281.0,263.0,321.0,208.0,455.0,153.0,555.0,156.0,625.0,179.0
2.0,684.0,203.0,693.0,248.0,685.0,341.0,661.0,411.0,566.0,503.0,492.0,516.0,417.0,505.0,356.0,481.0,285.0,378.0,271.0,314.0,277.0,238.0,281.0,215.0,299.0,176.0,371.0,145.0,476.0,152.0,581.0,178.0,660.0,211.0,711.0,343.0,696.0,414.0,663.0,473.0,559.0,548.0,494.0,571.0,426.0,577.0,369.0,565.0,296.0,495.0,272.0,437.0,289.0,255.0,336.0,202.0,395.0,169.0,478.0,153.0
2.0,300.0,332.0,311.0,258.0,334.0,213.0,388.0,177.0,480.0,159.0,572.0,174.0,649.0,183.0,690.0,216.0,688.0,259.0,687.0,343.0,667.0,415.0,578.0,496.0,528.0,521.0,428.0,536.0,394.0,520.0,369.0,485.0,333.0,353.0,347.0,274.0,387.0,222.0,447.0,189.0,531.0,172.0,603.0,186.0,683.0,197.0,718.0,237.0,719.0,295.0,706.0,383.0,680.0,452.0,587.0,523.0,537.0,550.0,416.0,552.0
2.0,521.0,513.0,425.0,530.0,339.0,513.0,292.0,474.0,267.0,395.0,270.0,285.0,297.0,187.0,349.0,151.0,428.0,124.0,527.0,126.0,614.0,145.0,698.0,176.0,726.0,232.0,691.0,386.0,641.0,430.0,582.0,479.0,537.0,514.0,422.0,544.0,379.0,528.0,346.0,501.0,289.0,385.0,294.0,308.0,302.0,229.0,318.0,199.0,373.0,157.0,458.0,140.0,546.0,152.0,633.0,168.0,692.0,211.0,695.0,260.0
2.0,687.0,173.0,743.0,237.0,748.0,280.0,737.0,396.0,700.0,474.0,598.0,546.0,547.0,560.0,498.0,552.0,388.0,478.0,356.0,415.0,350.0,329.0,386.0,202.0,431.0,163.0,495.0,145.0,563.0,151.0,625.0,164.0,691.0,187.0,712.0,228.0,694.0,424.0,665.0,490.0,616.0,538.0,569.0,566.0,425.0,573.0,383.0,550.0,346.0,507.0,303.0,357.0,309.0,261.0,353.0,176.0,410.0,136.0,469.0,114.0
2.0,373.0,153.0,449.0,145.0,551.0,157.0,629.0,180.0,709.0,309.0,666.0,447.0,626.0,502.0,596.0,540.0,537.0,561.0,411.0,538.0,367.0,502.0,334.0,459.0,337.0,322.0,369.0,246.0,424.0,196.0,497.0,177.0,576.0,184.0,646.0,194.0,708.0,208.0,732.0,339.0,713.0,420.0,669.0,478.0,615.0,522.0,518.0,555.0,459.0,548.0,348.0,480.0,313.0,419.0,308.0,336.0,351.0,189.0,408.0,166.0
2.0,313.0,153.0,364.0,116.0,442.0,95.0,536.0,114.0,631.0,152.0,713.0,322.0,689.0,421.0,655.0,488.0,583.0,562.0,516.0,565.0,445.0,547.0,325.0,466.0,293.0,408.0,280.0,328.0,291.0,245.0,330.0,184.0,379.0,150.0,539.0,152.0,640.0,159.0,716.0,227.0,737.0,311.0,691.0,459.0,641.0,508.0,609.0,546.0,486.0,576.0,410.0,570.0,282.0,525.0,244.0,488.0,221.0,431.0,244.0,250.0
2.0,241.0,371.0,253.0,278.0,263.0,184.0,336.0,148.0,442.0,142.0,613.0,193.0,657.0,236.0,660.0,402.0,644.0,469.0,570.0,556.0,507.0,573.0,433.0,570.0,309.0,522.0,268.0,482.0,235.0,347.0,249.0,254.0,295.0,193.0,354.0,147.0,445.0,127.0,536.0,131.0,622.0,142.0,708.0,178.0,717.0,330.0,696.0,417.0,621.0,530.0,556.0,560.0,481.0,574.0,328.0,561.0,276.0,541.0,233.0,512.0
2.0,552.0,573.0,472.0,575.0,338.0,514.0,294.0,445.0,287.0,350.0,331.0,181.0,395.0,148.0,479.0,134.0,555.0,142.0,651.0,150.0,746.0,246.0,727.0,326.0,651.0,475.0,611.0,530.0,461.0,577.0,378.0,568.0,315.0,542.0,248.0,445.0,244.0,359.0,257.0,265.0,339.0,169.0,409.0,156.0,507.0,167.0,595.0,192.0,656.0,219.0,675.0,275.0,642.0,461.0,509.0,556.0,408.0,569.0,323.0,560.0
2.0,251.0,382.0,256.0,290.0,258.0,198.0,303.0,157.0,388.0,135.0,495.0,142.0,686.0,201.0,729.0,272.0,725.0,355.0,717.0,435.0,647.0,542.0,594.0,574.0,530.0,591.0,374.0,555.0,317.0,516.0,289.0,459.0,316.0,289.0,345.0,204.0,398.0,158.0,453.0,132.0,520.0,126.0,711.0,182.0,751.0,261.0,749.0,348.0,701.0,455.0,579.0,556.0,505.0,579.0,344.0,574.0,282.0,548.0,208.0,436.0
2.0,695.0,457.0,638.0,513.0,521.0,534.0,440.0,498.0,348.0,355.0,355.0,262.0,386.0,174.0,478.0,116.0,533.0,101.0,613.0,100.0,773.0,163.0,797.0,208.0,803.0,263.0,746.0,431.0,694.0,491.0,635.0,535.0,461.0,526.0,372.0,471.0,322.0,288.0,343.0,190.0,380.0,146.0,466.0,104.0,518.0,89.0,590.0,103.0,736.0,173.0,769.0,213.0,778.0,275.0,750.0,447.0,703.0,505.0,585.0,563.0
2.0,731.0,331.0,693.0,433.0,595.0,552.0,522.0,579.0,422.0,563.0,299.0,474.0,290.0,398.0,301.0,228.0,316.0,181.0,349.0,149.0,410.0,129.0,582.0,138.0,680.0,164.0,758.0,300.0,757.0,404.0,727.0,470.0,604.0,556.0,520.0,565.0,354.0,529.0,309.0,490.0,272.0,432.0,250.0,250.0,259.0,183.0,312.0,141.0,384.0,104.0,571.0,109.0,672.0,131.0,753.0,193.0,769.0,245.0,752.0,380.0
2.0,642.0,121.0,738.0,194.0,763.0,348.0,721.0,440.0,685.0,522.0,531.0,613.0,424.0,616.0,291.0,545.0,252.0,482.0,231.0,387.0,230.0,191.0,279.0,145.0,349.0,101.0,442.0,83.0,533.0,92.0,623.0,112.0,717.0,159.0,762.0,330.0,750.0,438.0,687.0,515.0,630.0,564.0,484.0,590.0,398.0,579.0,282.0,522.0,258.0,468.0,247.0,384.0,272.0,197.0,324.0,160.0,393.0,126.0,491.0,121.0
5.0,891.0,402.0,880.0,459.0,868.0,450.0,866.0,419.0,884.0,295.0,903.0,225.0,909.0,176.0,869.0,151.0,824.0,166.0,756.0,222.0,670.0,449.0,653.0,487.0,643.0,456.0,648.0,390.0,656.0,306.0,648.0,152.0,620.0,127.0,576.0,119.0,508.0,150.0,468.0,214.0,434.0,382.0,388.0,531.0,386.0,523.0,387.0,394.0,373.0,291.0,349.0,180.0,303.0,115.0,272.0,112.0,233.0,128.0,184.0,183.0
5.0,827.0,459.0,834.0,477.0,822.0,453.0,814.0,328.0,837.0,241.0,852.0,164.0,807.0,98.0,770.0,84.0,682.0,91.0,634.0,119.0,600.0,182.0,560.0,425.0,554.0,486.0,542.0,505.0,549.0,425.0,547.0,334.0,537.0,237.0,498.0,99.0,477.0,82.0,450.0,85.0,432.0,101.0,415.0,135.0,379.0,363.0,368.0,448.0,356.0,483.0,365.0,424.0,369.0,347.0,348.0,162.0,333.0,118.0,307.0,99.0
5.0,851.0,319.0,835.0,427.0,815.0,404.0,826.0,290.0,824.0,217.0,843.0,151.0,817.0,99.0,788.0,86.0,759.0,81.0,699.0,105.0,671.0,157.0,643.0,256.0,613.0,437.0,614.0,454.0,639.0,373.0,647.0,302.0,641.0,222.0,653.0,138.0,633.0,123.0,601.0,118.0,522.0,146.0,487.0,179.0,430.0,388.0,420.0,448.0,406.0,468.0,408.0,394.0,406.0,324.0,398.0,249.0,365.0,141.0,338.0,129.0
5.0,839.0,416.0,816.0,414.0,793.0,387.0,784.0,347.0,790.0,256.0,798.0,202.0,797.0,154.0,774.0,104.0,749.0,97.0,725.0,92.0,700.0,95.0,630.0,137.0,583.0,187.0,551.0,290.0,509.0,454.0,510.0,477.0,516.0,453.0,515.0,336.0,492.0,188.0,488.0,141.0,448.0,102.0,426.0,97.0,406.0,105.0,360.0,149.0,331.0,206.0,317.0,308.0,304.0,400.0,299.0,459.0,301.0,468.0,310.0,430.0
5.0,814.0,497.0,826.0,502.0,816.0,479.0,801.0,392.0,798.0,335.0,801.0,226.0,796.0,146.0,778.0,121.0,749.0,105.0,721.0,93.0,669.0,91.0,609.0,128.0,578.0,171.0,536.0,344.0,524.0,408.0,516.0,436.0,536.0,386.0,543.0,331.0,543.0,267.0,537.0,148.0,531.0,121.0,514.0,109.0,494.0,105.0,452.0,111.0,426.0,125.0,397.0,151.0,346.0,309.0,336.0,402.0,329.0,486.0,340.0,478.0
5.0,818.0,342.0,823.0,412.0,826.0,460.0,850.0,460.0,844.0,415.0,842.0,350.0,832.0,202.0,820.0,144.0,753.0,91.0,708.0,78.0,617.0,71.0,565.0,86.0,522.0,118.0,457.0,304.0,449.0,448.0,446.0,511.0,453.0,527.0,460.0,491.0,455.0,412.0,429.0,300.0,390.0,138.0,341.0,114.0,320.0,123.0,295.0,131.0,253.0,181.0,244.0,341.0,254.0,474.0,256.0,550.0,265.0,516.0,250.0,433.0
5.0,817.0,496.0,835.0,487.0,844.0,448.0,862.0,349.0,857.0,295.0,815.0,201.0,756.0,162.0,723.0,157.0,652.0,179.0,616.0,219.0,580.0,395.0,559.0,505.0,551.0,517.0,540.0,470.0,514.0,359.0,497.0,298.0,453.0,188.0,416.0,162.0,388.0,165.0,314.0,239.0,276.0,328.0,256.0,453.0,248.0,578.0,260.0,570.0,274.0,531.0,268.0,460.0,264.0,360.0,257.0,267.0,247.0,202.0,220.0,166.0
5.0,701.0,336.0,768.0,471.0,806.0,541.0,833.0,551.0,830.0,514.0,796.0,398.0,792.0,337.0,776.0,228.0,735.0,178.0,706.0,171.0,619.0,196.0,573.0,255.0,536.0,354.0,499.0,502.0,506.0,529.0,524.0,510.0,535.0,464.0,524.0,303.0,511.0,243.0,498.0,162.0,490.0,156.0,466.0,166.0,427.0,212.0,389.0,320.0,357.0,542.0,356.0,572.0,378.0,553.0,374.0,500.0,345.0,403.0,307.0,216.0
5.0,867.0,526.0,860.0,509.0,834.0,433.0,821.0,366.0,812.0,301.0,795.0,232.0,768.0,184.0,673.0,151.0,611.0,167.0,561.0,222.0,538.0,321.0,525.0,417.0,519.0,468.0,518.0,484.0,518.0,466.0,513.0,350.0,502.0,275.0,480.0,206.0,465.0,164.0,452.0,155.0,431.0,157.0,399.0,177.0,361.0,231.0,323.0,317.0,289.0,418.0,265.0,482.0,250.0,478.0,243.0,415.0,234.0,334.0,226.0,257.0
5.0,788.0,499.0,801.0,509.0,800.0,489.0,788.0,449.0,769.0,388.0,736.0,309.0,713.0,231.0,687.0,189.0,615.0,196.0,584.0,253.0,557.0,349.0,538.0,454.0,528.0,516.0,517.0,544.0,518.0,530.0,520.0,490.0,513.0,421.0,484.0,266.0,457.0,209.0,433.0,193.0,372.0,282.0,332.0,374.0,306.0,466.0,291.0,524.0,291.0,549.0,306.0,533.0,307.0,488.0,286.0,412.0,266.0,323.0,244.0,241.0
5.0,840.0,582.0,835.0,560.0,783.0,474.0,769.0,422.0,733.0,307.0,700.0,213.0,661.0,179.0,632.0,174.0,563.0,208.0,512.0,315.0,495.0,382.0,487.0,481.0,488.0,504.0,490.0,484.0,481.0,415.0,480.0,367.0,472.0,278.0,448.0,197.0,433.0,177.0,404.0,175.0,362.0,202.0,324.0,266.0,293.0,357.0,277.0,462.0,272.0,530.0,294.0,540.0,301.0,491.0,288.0,408.0,266.0,261.0,248.0,223.0
5.0,854.0,206.0,818.0,174.0,763.0,157.0,634.0,186.0,568.0,242.0,515.0,342.0,466.0,531.0,465.0,591.0,468.0,624.0,499.0,595.0,513.0,566.0,516.0,476.0,505.0,410.0,488.0,335.0,453.0,213.0,436.0,181.0,417.0,174.0,387.0,181.0,353.0,215.0,323.0,296.0,285.0,419.0,283.0,505.0,282.0,546.0,301.0,557.0,321.0,470.0,311.0,370.0,302.0,273.0,287.0,197.0,263.0,162.0,236.0,163.0
5.0,789.0,457.0,814.0,484.0,832.0,470.0,835.0,426.0,820.0,355.0,796.0,268.0,772.0,200.0,738.0,187.0,682.0,211.0,638.0,275.0,589.0,472.0,576.0,538.0,552.0,571.0,549.0,555.0,552.0,507.0,544.0,433.0,531.0,341.0,508.0,262.0,476.0,207.0,414.0,225.0,368.0,303.0,335.0,415.0,329.0,497.0,329.0,540.0,352.0,535.0,368.0,497.0,345.0,422.0,324.0,330.0,310.0,240.0,305.0,166.0
5.0,753.0,413.0,785.0,499.0,809.0,536.0,833.0,527.0,815.0,427.0,807.0,360.0,786.0,263.0,766.0,229.0,706.0,211.0,654.0,275.0,640.0,329.0,605.0,464.0,594.0,509.0,564.0,511.0,548.0,483.0,548.0,397.0,528.0,305.0,498.0,252.0,486.0,252.0,459.0,317.0,447.0,379.0,441.0,492.0,433.0,524.0,434.0,504.0,424.0,473.0,389.0,394.0,351.0,322.0,336.0,302.0,303.0,293.0,290.0,313.0
5.0,592.0,532.0,603.0,549.0,638.0,534.0,645.0,520.0,642.0,478.0,637.0,452.0,613.0,400.0,596.0,383.0,570.0,377.0,548.0,423.0,532.0,470.0,498.0,544.0,480.0,529.0,479.0,512.0,478.0,469.0,473.0,449.0,456.0,416.0,426.0,401.0,414.0,407.0,390.0,450.0,380.0,480.0,373.0,512.0,361.0,550.0,366.0,541.0,339.0,510.0,332.0,488.0,317.0,453.0,298.0,442.0,288.0,448.0,269.0,482.0
5.0,405.0,305.0,446.0,379.0,456.0,432.0,450.0,525.0,449.0,527.0,449.0,478.0,448.0,458.0,449.0,404.0,441.0,387.0,425.0,380.0,402.0,422.0,393.0,457.0,363.0,534.0,353.0,544.0,346.0,521.0,340.0,491.0,337.0,472.0,336.0,436.0,328.0,418.0,330.0,421.0,326.0,461.0,326.0,490.0,331.0,523.0,327.0,545.0,313.0,527.0,300.0,517.0,285.0,489.0,269.0,467.0,266.0,464.0,255.0,472.0
5.0,472.0,524.0,465.0,484.0,463.0,453.0,450.0,399.0,439.0,376.0,420.0,350.0,396.0,357.0,379.0,374.0,346.0,437.0,332.0,475.0,324.0,547.0,323.0,548.0,330.0,519.0,326.0,478.0,327.0,456.0,326.0,430.0,321.0,423.0,315.0,434.0,309.0,452.0,298.0,507.0,305.0,537.0,302.0,546.0,288.0,524.0,280.0,497.0,276.0,483.0,267.0,461.0,264.0,460.0,256.0,479.0,262.0,521.0,263.0,546.0
5.0,419.0,462.0,454.0,536.0,478.0,527.0,470.0,488.0,445.0,428.0,434.0,406.0,414.0,375.0,403.0,368.0,375.0,373.0,350.0,429.0,334.0,476.0,326.0,550.0,333.0,546.0,337.0,511.0,346.0,462.0,348.0,429.0,338.0,394.0,329.0,386.0,316.0,400.0,304.0,469.0,299.0,517.0,296.0,548.0,288.0,543.0,260.0,523.0,252.0,490.0,249.0,479.0,243.0,459.0,238.0,461.0,238.0,474.0,238.0,489.0
5.0,450.0,315.0,433.0,281.0,424.0,270.0,426.0,261.0,442.0,262.0,454.0,267.0,472.0,278.0,473.0,293.0,435.0,335.0,410.0,368.0,391.0,412.0,364.0,443.0,356.0,427.0,360.0,388.0,359.0,364.0,354.0,317.0,349.0,295.0,335.0,266.0,314.0,259.0,301.0,274.0,256.0,339.0,241.0,391.0,223.0,452.0,233.0,434.0,234.0,394.0,231.0,339.0,228.0,315.0,221.0,278.0,217.0,268.0,204.0,275.0
5.0,472.0,452.0,467.0,471.0,488.0,433.0,489.0,404.0,478.0,338.0,466.0,307.0,437.0,261.0,405.0,235.0,389.0,237.0,348.0,272.0,328.0,309.0,276.0,427.0,267.0,449.0,296.0,413.0,306.0,366.0,318.0,319.0,325.0,301.0,323.0,273.0,318.0,267.0,293.0,283.0,248.0,342.0,228.0,394.0,200.0,455.0,210.0,438.0,206.0,401.0,203.0,351.0,199.0,329.0,189.0,294.0,185.0,283.0,174.0,288.0
5.0,491.0,474.0,515.0,477.0,531.0,444.0,530.0,421.0,523.0,368.0,512.0,339.0,495.0,289.0,471.0,255.0,453.0,250.0,411.0,276.0,385.0,313.0,330.0,416.0,312.0,456.0,319.0,434.0,320.0,389.0,318.0,361.0,309.0,319.0,293.0,293.0,284.0,292.0,266.0,328.0,255.0,368.0,217.0,463.0,217.0,461.0,222.0,452.0,220.0,435.0,228.0,417.0,225.0,381.0,220.0,363.0,201.0,337.0,181.0,349.0
5.0,473.0,486.0,483.0,478.0,489.0,440.0,491.0,417.0,464.0,364.0,449.0,333.0,421.0,273.0,405.0,249.0,364.0,229.0,324.0,262.0,307.0,302.0,275.0,423.0,270.0,459.0,279.0,437.0,285.0,378.0,287.0,345.0,290.0,286.0,292.0,266.0,296.0,250.0,294.0,283.0,285.0,325.0,240.0,444.0,234.0,467.0,237.0,449.0,242.0,444.0,244.0,422.0,245.0,394.0,240.0,379.0,225.0,346.0,215.0,335.0
5.0,505.0,286.0,573.0,370.0,600.0,419.0,649.0,483.0,683.0,467.0,685.0,441.0,669.0,384.0,647.0,326.0,631.0,302.0,590.0,271.0,566.0,269.0,521.0,303.0,502.0,344.0,474.0,450.0,458.0,495.0,457.0,489.0,458.0,445.0,458.0,408.0,456.0,327.0,452.0,290.0,429.0,236.0,390.0,231.0,364.0,253.0,305.0,349.0,280.0,414.0,252.0,512.0,265.0,524.0,272.0,500.0,279.0,416.0,273.0,369.0
5.0,645.0,355.0,633.0,323.0,607.0,264.0,592.0,240.0,554.0,205.0,530.0,199.0,479.0,222.0,429.0,299.0,408.0,354.0,384.0,458.0,378.0,485.0,373.0,490.0,377.0,456.0,375.0,422.0,369.0,346.0,352.0,284.0,341.0,266.0,315.0,267.0,297.0,291.0,261.0,382.0,242.0,483.0,234.0,526.0,233.0,521.0,229.0,473.0,224.0,391.0,220.0,351.0,232.0,287.0,219.0,266.0,194.0,247.0,181.0,248.0
5.0,672.0,458.0,664.0,445.0,654.0,431.0,638.0,404.0,622.0,355.0,594.0,303.0,577.0,284.0,537.0,245.0,492.0,241.0,469.0,260.0,427.0,330.0,411.0,377.0,407.0,423.0,404.0,458.0,393.0,452.0,389.0,385.0,387.0,348.0,387.0,275.0,383.0,246.0,370.0,221.0,346.0,232.0,326.0,259.0,291.0,348.0,274.0,405.0,254.0,506.0,257.0,517.0,261.0,485.0,267.0,389.0,259.0,310.0,248.0,278.0
5.0,564.0,414.0,585.0,491.0,596.0,488.0,601.0,451.0,581.0,386.0,563.0,349.0,519.0,286.0,492.0,259.0,467.0,244.0,426.0,269.0,410.0,305.0,404.0,417.0,407.0,473.0,387.0,532.0,388.0,532.0,395.0,466.0,388.0,367.0,382.0,320.0,358.0,249.0,343.0,229.0,311.0,234.0,262.0,294.0,239.0,340.0,213.0,464.0,211.0,503.0,220.0,516.0,227.0,486.0,230.0,389.0,224.0,305.0,215.0,277.0
5.0,663.0,330.0,628.0,266.0,574.0,208.0,545.0,189.0,492.0,197.0,464.0,221.0,418.0,303.0,405.0,415.0,403.0,458.0,398.0,482.0,399.0,462.0,401.0,387.0,401.0,308.0,397.0,274.0,379.0,232.0,366.0,226.0,327.0,247.0,281.0,311.0,268.0,358.0,261.0,467.0,255.0,525.0,257.0,526.0,266.0,471.0,273.0,422.0,275.0,330.0,270.0,292.0,259.0,264.0,228.0,230.0,208.0,230.0,176.0,270.0
5.0,633.0,409.0,632.0,388.0,620.0,345.0,612.0,320.0,591.0,273.0,574.0,256.0,535.0,246.0,494.0,288.0,472.0,320.0,448.0,401.0,451.0,440.0,445.0,472.0,448.0,427.0,448.0,392.0,441.0,333.0,436.0,306.0,414.0,261.0,387.0,248.0,378.0,265.0,357.0,338.0,349.0,386.0,344.0,473.0,344.0,502.0,352.0,506.0,360.0,485.0,349.0,410.0,343.0,374.0,319.0,306.0,294.0,272.0,278.0,270.0
5.0,646.0,395.0,640.0,380.0,632.0,347.0,622.0,325.0,601.0,292.0,572.0,262.0,551.0,259.0,511.0,293.0,493.0,330.0,468.0,413.0,465.0,459.0,464.0,459.0,454.0,412.0,455.0,385.0,446.0,326.0,431.0,281.0,418.0,271.0,394.0,284.0,376.0,311.0,338.0,379.0,311.0,432.0,284.0,486.0,282.0,472.0,281.0,445.0,272.0,378.0,262.0,345.0,237.0,302.0,222.0,295.0,189.0,319.0,160.0,402.0
5.0,589.0,440.0,569.0,400.0,517.0,311.0,487.0,264.0,431.0,196.0,405.0,177.0,359.0,196.0,311.0,287.0,294.0,353.0,280.0,470.0,271.0,494.0,271.0,472.0,259.0,388.0,251.0,348.0,234.0,278.0,216.0,259.0,206.0,273.0,181.0,357.0,173.0,410.0,168.0,468.0,170.0,465.0,175.0,406.0,171.0,322.0,165.0,290.0,142.0,269.0,133.0,282.0,118.0,362.0,113.0,416.0,110.0,486.0,120.0,472.0
5.0,584.0,423.0,600.0,483.0,609.0,501.0,608.0,473.0,589.0,391.0,569.0,350.0,545.0,318.0,516.0,290.0,460.0,291.0,436.0,319.0,408.0,419.0,398.0,467.0,399.0,487.0,397.0,428.0,390.0,352.0,385.0,323.0,372.0,300.0,350.0,334.0,340.0,371.0,317.0,460.0,309.0,485.0,304.0,469.0,296.0,403.0,288.0,380.0,260.0,344.0,243.0,344.0,204.0,380.0,185.0,419.0,177.0,473.0,194.0,436.0
5.0,636.0,503.0,635.0,489.0,626.0,473.0,605.0,427.0,582.0,359.0,566.0,330.0,528.0,298.0,510.0,302.0,480.0,368.0,471.0,423.0,453.0,495.0,456.0,484.0,450.0,453.0,432.0,377.0,423.0,343.0,393.0,297.0,370.0,316.0,360.0,353.0,355.0,446.0,353.0,480.0,351.0,497.0,351.0,485.0,331.0,429.0,302.0,372.0,288.0,353.0,261.0,353.0,243.0,372.0,214.0,456.0,228.0,523.0,241.0,525.0
5.0,601.0,471.0,626.0,496.0,626.0,474.0,602.0,431.0,583.0,393.0,539.0,337.0,477.0,319.0,441.0,342.0,405.0,446.0,368.0,520.0,361.0,533.0,366.0,507.0,364.0,472.0,342.0,378.0,322.0,355.0,292.0,335.0,261.0,351.0,230.0,426.0,219.0,471.0,210.0,515.0,214.0,510.0,227.0,454.0,226.0,379.0,216.0,351.0,193.0,328.0,179.0,336.0,142.0,418.0,123.0,507.0,128.0,518.0,137.0,515.0
5.0,686.0,547.0,675.0,542.0,636.0,517.0,603.0,472.0,585.0,437.0,541.0,368.0,514.0,340.0,458.0,319.0,426.0,365.0,414.0,445.0,412.0,473.0,418.0,477.0,410.0,433.0,402.0,408.0,377.0,367.0,365.0,359.0,339.0,367.0,323.0,385.0,297.0,433.0,290.0,474.0,288.0,487.0,286.0,496.0,284.0,475.0,278.0,456.0,250.0,411.0,237.0,397.0,211.0,400.0,178.0,466.0,168.0,498.0,167.0,540.0
5.0,715.0,515.0,711.0,510.0,701.0,494.0,694.0,478.0,666.0,416.0,644.0,385.0,586.0,353.0,548.0,386.0,532.0,429.0,517.0,477.0,495.0,555.0,494.0,569.0,495.0,535.0,479.0,461.0,467.0,417.0,435.0,350.0,407.0,335.0,387.0,349.0,334.0,427.0,292.0,516.0,289.0,541.0,308.0,536.0,323.0,511.0,323.0,441.0,304.0,371.0,285.0,347.0,251.0,332.0,232.0,344.0,194.0,413.0,165.0,495.0
5.0,664.0,410.0,708.0,476.0,711.0,474.0,679.0,429.0,659.0,399.0,620.0,345.0,569.0,318.0,540.0,318.0,486.0,361.0,464.0,403.0,436.0,485.0,440.0,494.0,448.0,468.0,453.0,397.0,445.0,336.0,437.0,317.0,413.0,304.0,396.0,317.0,349.0,396.0,290.0,507.0,270.0,543.0,262.0,552.0,278.0,500.0,282.0,460.0,267.0,379.0,254.0,349.0,223.0,319.0,183.0,352.0,138.0,460.0,129.0,502.0
5.0,702.0,478.0,704.0,446.0,690.0,393.0,678.0,362.0,644.0,296.0,595.0,244.0,569.0,232.0,511.0,252.0,449.0,334.0,429.0,386.0,407.0,447.0,399.0,405.0,388.0,367.0,364.0,289.0,351.0,256.0,327.0,221.0,295.0,242.0,269.0,286.0,228.0,404.0,224.0,452.0,230.0,496.0,232.0,467.0,235.0,425.0,235.0,345.0,235.0,305.0,210.0,268.0,195.0,265.0,167.0,289.0,132.0,381.0,121.0,430.0
5.0,670.0,435.0,683.0,457.0,690.0,457.0,665.0,409.0,627.0,323.0,600.0,290.0,535.0,251.0,508.0,260.0,456.0,331.0,433.0,435.0,417.0,465.0,430.0,445.0,432.0,374.0,433.0,339.0,430.0,277.0,423.0,259.0,399.0,251.0,356.0,312.0,330.0,358.0,294.0,492.0,299.0,520.0,330.0,519.0,347.0,440.0,328.0,388.0,301.0,318.0,285.0,289.0,247.0,272.0,203.0,309.0,161.0,407.0,161.0,440.0
5.0,692.0,456.0,664.0,400.0,651.0,368.0,622.0,304.0,607.0,275.0,576.0,227.0,539.0,199.0,517.0,196.0,472.0,222.0,448.0,251.0,402.0,327.0,372.0,367.0,363.0,360.0,360.0,316.0,359.0,288.0,349.0,235.0,332.0,204.0,319.0,197.0,285.0,216.0,264.0,245.0,225.0,317.0,205.0,382.0,198.0,397.0,193.0,377.0,194.0,353.0,192.0,296.0,183.0,249.0,175.0,233.0,155.0,229.0,146.0,246.0
5.0,652.0,486.0,649.0,489.0,635.0,477.0,623.0,429.0,615.0,396.0,585.0,329.0,562.0,306.0,507.0,298.0,461.0,350.0,449.0,386.0,422.0,430.0,411.0,422.0,406.0,374.0,405.0,345.0,395.0,296.0,370.0,276.0,350.0,276.0,301.0,306.0,271.0,335.0,223.0,414.0,213.0,450.0,216.0,449.0,226.0,390.0,231.0,356.0,222.0,314.0,213.0,303.0,199.0,305.0,166.0,351.0,146.0,401.0,106.0,499.0
5.0,591.0,376.0,607.0,435.0,624.0,503.0,618.0,472.0,601.0,428.0,557.0,353.0,528.0,320.0,466.0,285.0,412.0,320.0,390.0,360.0,370.0,447.0,369.0,489.0,377.0,473.0,378.0,412.0,374.0,376.0,367.0,318.0,346.0,296.0,332.0,295.0,299.0,337.0,283.0,374.0,276.0,443.0,282.0,460.0,286.0,444.0,281.0,397.0,273.0,369.0,254.0,321.0,222.0,305.0,202.0,314.0,178.0,364.0,171.0,387.0
5.0,688.0,455.0,702.0,466.0,711.0,443.0,685.0,401.0,654.0,353.0,636.0,324.0,584.0,277.0,553.0,261.0,494.0,285.0,439.0,363.0,420.0,406.0,401.0,447.0,404.0,409.0,404.0,380.0,391.0,323.0,377.0,298.0,347.0,280.0,333.0,285.0,293.0,331.0,274.0,362.0,253.0,426.0,251.0,471.0,256.0,466.0,256.0,431.0,254.0,373.0,247.0,348.0,204.0,307.0,193.0,298.0,181.0,299.0,152.0,334.0
5.0,673.0,514.0,676.0,491.0,655.0,437.0,619.0,363.0,594.0,325.0,542.0,265.0,515.0,246.0,463.0,257.0,408.0,337.0,384.0,391.0,349.0,465.0,344.0,463.0,339.0,412.0,335.0,380.0,323.0,320.0,302.0,294.0,287.0,296.0,250.0,348.0,219.0,404.0,165.0,508.0,163.0,525.0,172.0,504.0,172.0,440.0,169.0,407.0,154.0,364.0,130.0,356.0,115.0,373.0,72.0,477.0,60.0,541.0,55.0,582.0
5.0,684.0,525.0,671.0,507.0,635.0,454.0,593.0,380.0,573.0,346.0,522.0,289.0,494.0,280.0,433.0,329.0,382.0,443.0,367.0,481.0,364.0,493.0,368.0,475.0,367.0,411.0,348.0,348.0,329.0,323.0,282.0,311.0,221.0,381.0,205.0,436.0,224.0,496.0,233.0,497.0,233.0,472.0,236.0,444.0,231.0,391.0,220.0,368.0,199.0,341.0,168.0,344.0,145.0,365.0,96.0,452.0,84.0,514.0,79.0,565.0
5.0,656.0,432.0,651.0,433.0,637.0,434.0,635.0,428.0,632.0,416.0,614.0,402.0,593.0,397.0,536.0,404.0,451.0,454.0,419.0,495.0,387.0,530.0,370.0,542.0,379.0,529.0,385.0,480.0,377.0,454.0,345.0,414.0,307.0,411.0,289.0,432.0,250.0,494.0,243.0,512.0,237.0,506.0,233.0,488.0,212.0,418.0,202.0,405.0,179.0,385.0,152.0,397.0,142.0,426.0,114.0,507.0,106.0,533.0,116.0,500.0
5.0,655.0,468.0,653.0,457.0,634.0,428.0,619.0,390.0,604.0,375.0,564.0,359.0,513.0,385.0,487.0,414.0,468.0,444.0,454.0,470.0,440.0,486.0,440.0,453.0,434.0,429.0,409.0,380.0,374.0,348.0,360.0,340.0,317.0,369.0,291.0,399.0,265.0,460.0,258.0,476.0,254.0,463.0,247.0,428.0,241.0,408.0,219.0,371.0,208.0,369.0,177.0,387.0,149.0,433.0,120.0,503.0,121.0,498.0,134.0,472.0
5.0,671.0,451.0,671.0,433.0,639.0,392.0,618.0,364.0,556.0,319.0,489.0,291.0,437.0,310.0,400.0,371.0,386.0,394.0,380.0,412.0,382.0,400.0,379.0,361.0,368.0,328.0,357.0,328.0,325.0,336.0,300.0,356.0,261.0,409.0,241.0,454.0,243.0,463.0,240.0,436.0,233.0,395.0,220.0,372.0,204.0,337.0,193.0,334.0,156.0,350.0,135.0,391.0,108.0,458.0,96.0,502.0,101.0,479.0,132.0,419.0
5.0,680.0,468.0,674.0,468.0,655.0,457.0,643.0,441.0,611.0,389.0,582.0,363.0,496.0,346.0,448.0,356.0,379.0,407.0,363.0,464.0,362.0,478.0,363.0,457.0,355.0,431.0,331.0,387.0,303.0,353.0,289.0,343.0,262.0,361.0,244.0,393.0,223.0,471.0,221.0,488.0,217.0,471.0,207.0,425.0,201.0,398.0,180.0,365.0,153.0,370.0,139.0,391.0,123.0,460.0,127.0,493.0,134.0,492.0,164.0,433.0
5.0,760.0,443.0,757.0,443.0,740.0,444.0,727.0,437.0,714.0,421.0,672.0,384.0,643.0,359.0,578.0,340.0,513.0,389.0,483.0,423.0,456.0,472.0,459.0,464.0,454.0,417.0,441.0,390.0,404.0,346.0,373.0,328.0,359.0,333.0,335.0,376.0,328.0,419.0,300.0,472.0,295.0,470.0,277.0,423.0,260.0,368.0,244.0,350.0,216.0,337.0,191.0,342.0,176.0,365.0,145.0,464.0,133.0,482.0,134.0,462.0
5.0,740.0,463.0,743.0,461.0,735.0,451.0,727.0,430.0,691.0,361.0,624.0,311.0,580.0,311.0,492.0,356.0,460.0,381.0,438.0,384.0,434.0,365.0,419.0,319.0,402.0,302.0,357.0,289.0,321.0,312.0,310.0,328.0,294.0,336.0,284.0,330.0,249.0,312.0,233.0,312.0,205.0,341.0,184.0,400.0,173.0,452.0,144.0,476.0,144.0,455.0,143.0,445.0,132.0,436.0,121.0,446.0,120.0,456.0,129.0,462.0
5.0,648.0,519.0,635.0,538.0,614.0,528.0,610.0,502.0,605.0,424.0,596.0,387.0,557.0,351.0,500.0,390.0,471.0,437.0,428.0,493.0,417.0,471.0,413.0,434.0,399.0,356.0,376.0,313.0,360.0,313.0,311.0,359.0,259.0,451.0,242.0,483.0,233.0,490.0,234.0,466.0,224.0,396.0,195.0,353.0,181.0,344.0,156.0,368.0,135.0,415.0,95.0,513.0,95.0,494.0,102.0,463.0,125.0,408.0,167.0,362.0
6.0,468.0,143.0,465.0,114.0,465.0,103.0,531.0,118.0,576.0,130.0,629.0,143.0,626.0,150.0,600.0,157.0,517.0,181.0,468.0,203.0,416.0,221.0,350.0,261.0,342.0,272.0,353.0,275.0,413.0,274.0,446.0,280.0,483.0,302.0,478.0,314.0,449.0,327.0,379.0,359.0,355.0,378.0,337.0,398.0,318.0,431.0,317.0,447.0,338.0,459.0,358.0,458.0,381.0,459.0,403.0,472.0,383.0,484.0,364.0,498.0
6.0,507.0,155.0,557.0,150.0,581.0,152.0,606.0,157.0,631.0,164.0,688.0,172.0,696.0,184.0,657.0,222.0,628.0,245.0,590.0,260.0,525.0,283.0,495.0,294.0,470.0,316.0,485.0,320.0,543.0,318.0,576.0,315.0,613.0,321.0,655.0,350.0,661.0,372.0,650.0,384.0,582.0,405.0,536.0,416.0,491.0,426.0,437.0,442.0,447.0,456.0,513.0,472.0,546.0,479.0,597.0,496.0,613.0,507.0,614.0,523.0
6.0,437.0,127.0,459.0,129.0,515.0,136.0,551.0,139.0,587.0,147.0,630.0,151.0,630.0,154.0,612.0,156.0,548.0,163.0,473.0,167.0,435.0,173.0,404.0,180.0,372.0,205.0,372.0,213.0,410.0,230.0,436.0,242.0,484.0,273.0,500.0,289.0,514.0,312.0,485.0,329.0,459.0,334.0,412.0,346.0,388.0,351.0,365.0,365.0,329.0,398.0,335.0,413.0,360.0,414.0,426.0,424.0,457.0,433.0,489.0,444.0
6.0,491.0,107.0,550.0,112.0,580.0,120.0,612.0,124.0,651.0,128.0,701.0,144.0,699.0,155.0,683.0,157.0,609.0,162.0,568.0,167.0,530.0,169.0,469.0,181.0,443.0,202.0,447.0,211.0,490.0,217.0,553.0,224.0,584.0,231.0,636.0,253.0,647.0,264.0,655.0,285.0,648.0,295.0,611.0,316.0,579.0,331.0,517.0,362.0,485.0,373.0,462.0,390.0,444.0,419.0,451.0,445.0,472.0,457.0,531.0,472.0
6.0,507.0,122.0,575.0,126.0,609.0,126.0,681.0,135.0,709.0,141.0,724.0,148.0,719.0,159.0,655.0,163.0,609.0,170.0,525.0,176.0,462.0,187.0,450.0,190.0,478.0,200.0,507.0,204.0,537.0,212.0,602.0,241.0,628.0,256.0,646.0,267.0,672.0,293.0,667.0,319.0,651.0,333.0,581.0,346.0,535.0,355.0,487.0,370.0,438.0,388.0,379.0,434.0,377.0,452.0,368.0,472.0,449.0,478.0,506.0,480.0
6.0,454.0,148.0,499.0,156.0,589.0,175.0,615.0,185.0,625.0,192.0,603.0,218.0,590.0,222.0,520.0,242.0,483.0,250.0,449.0,257.0,395.0,275.0,374.0,285.0,354.0,303.0,359.0,311.0,372.0,317.0,423.0,333.0,455.0,341.0,489.0,350.0,556.0,369.0,584.0,378.0,621.0,402.0,624.0,415.0,616.0,430.0,561.0,454.0,522.0,463.0,479.0,472.0,435.0,483.0,366.0,502.0,351.0,510.0,346.0,520.0
6.0,328.0,124.0,372.0,118.0,398.0,121.0,427.0,122.0,493.0,119.0,523.0,121.0,557.0,125.0,553.0,132.0,530.0,135.0,471.0,147.0,440.0,154.0,408.0,157.0,346.0,166.0,321.0,172.0,302.0,181.0,290.0,196.0,295.0,201.0,308.0,206.0,358.0,238.0,393.0,256.0,466.0,302.0,489.0,321.0,499.0,338.0,474.0,362.0,437.0,370.0,392.0,377.0,320.0,402.0,302.0,416.0,303.0,438.0,320.0,443.0
6.0,445.0,107.0,478.0,106.0,515.0,108.0,580.0,124.0,627.0,130.0,597.0,139.0,505.0,156.0,448.0,160.0,334.0,175.0,277.0,202.0,271.0,210.0,287.0,217.0,303.0,216.0,328.0,216.0,402.0,230.0,448.0,246.0,492.0,267.0,523.0,290.0,535.0,313.0,524.0,335.0,484.0,356.0,430.0,373.0,354.0,406.0,339.0,423.0,332.0,440.0,330.0,448.0,345.0,455.0,421.0,470.0,470.0,484.0,518.0,500.0
6.0,381.0,151.0,409.0,147.0,474.0,147.0,548.0,157.0,578.0,166.0,621.0,182.0,626.0,189.0,603.0,210.0,537.0,223.0,497.0,234.0,421.0,257.0,394.0,270.0,376.0,285.0,398.0,298.0,438.0,305.0,482.0,312.0,530.0,331.0,567.0,344.0,606.0,373.0,609.0,390.0,598.0,407.0,568.0,421.0,473.0,433.0,425.0,447.0,369.0,475.0,358.0,487.0,351.0,501.0,359.0,527.0,373.0,540.0,393.0,551.0
6.0,417.0,105.0,458.0,107.0,496.0,110.0,572.0,115.0,630.0,134.0,634.0,141.0,595.0,158.0,551.0,166.0,504.0,172.0,407.0,190.0,366.0,216.0,373.0,223.0,426.0,238.0,499.0,270.0,533.0,294.0,568.0,346.0,563.0,370.0,542.0,389.0,461.0,428.0,383.0,465.0,361.0,482.0,335.0,499.0,336.0,501.0,347.0,503.0,405.0,500.0,437.0,502.0,472.0,501.0,504.0,511.0,542.0,544.0,531.0,584.0
6.0,400.0,108.0,430.0,111.0,496.0,118.0,531.0,121.0,580.0,124.0,627.0,147.0,627.0,152.0,609.0,155.0,518.0,166.0,461.0,170.0,404.0,178.0,334.0,206.0,302.0,207.0,303.0,214.0,325.0,216.0,415.0,215.0,471.0,225.0,522.0,238.0,588.0,277.0,596.0,296.0,592.0,316.0,521.0,350.0,461.0,366.0,398.0,386.0,317.0,440.0,303.0,462.0,305.0,489.0,330.0,496.0,372.0,504.0,476.0,530.0
6.0,471.0,136.0,527.0,142.0,640.0,158.0,690.0,174.0,711.0,195.0,687.0,234.0,649.0,255.0,526.0,302.0,459.0,338.0,409.0,375.0,383.0,432.0,411.0,444.0,457.0,450.0,567.0,461.0,610.0,473.0,654.0,497.0,651.0,510.0,629.0,521.0,522.0,544.0,454.0,560.0,398.0,575.0,324.0,599.0,320.0,601.0,328.0,604.0,389.0,609.0,432.0,610.0,555.0,623.0,623.0,630.0,680.0,638.0,709.0,637.0
6.0,324.0,116.0,349.0,118.0,377.0,116.0,444.0,112.0,484.0,117.0,526.0,125.0,530.0,139.0,485.0,147.0,430.0,153.0,300.0,171.0,260.0,189.0,243.0,201.0,262.0,213.0,295.0,213.0,371.0,230.0,398.0,248.0,408.0,264.0,341.0,314.0,293.0,352.0,284.0,390.0,261.0,433.0,248.0,467.0,258.0,495.0,307.0,529.0,336.0,547.0,416.0,577.0,438.0,594.0,451.0,604.0,378.0,612.0,265.0,616.0
6.0,622.0,95.0,647.0,108.0,668.0,143.0,655.0,157.0,613.0,158.0,491.0,168.0,445.0,194.0,410.0,217.0,414.0,245.0,462.0,258.0,578.0,275.0,620.0,292.0,634.0,312.0,610.0,320.0,575.0,329.0,495.0,347.0,443.0,372.0,446.0,387.0,509.0,419.0,553.0,435.0,577.0,459.0,564.0,501.0,520.0,513.0,458.0,527.0,410.0,536.0,412.0,543.0,500.0,550.0,547.0,555.0,598.0,578.0,597.0,590.0
6.0,337.0,160.0,354.0,91.0,364.0,78.0,415.0,91.0,515.0,119.0,552.0,143.0,514.0,158.0,376.0,196.0,313.0,217.0,279.0,232.0,293.0,238.0,391.0,233.0,438.0,232.0,478.0,262.0,454.0,275.0,408.0,291.0,334.0,339.0,328.0,365.0,330.0,391.0,358.0,411.0,428.0,464.0,432.0,483.0,405.0,500.0,292.0,535.0,271.0,544.0,271.0,543.0,322.0,547.0,374.0,553.0,431.0,575.0,420.0,590.0
6.0,459.0,108.0,483.0,103.0,546.0,112.0,583.0,108.0,618.0,122.0,607.0,152.0,557.0,165.0,427.0,218.0,367.0,251.0,332.0,276.0,350.0,284.0,398.0,287.0,453.0,297.0,516.0,325.0,523.0,342.0,509.0,367.0,441.0,425.0,406.0,456.0,363.0,507.0,366.0,524.0,380.0,534.0,372.0,561.0,344.0,577.0,334.0,584.0,370.0,590.0,402.0,597.0,432.0,625.0,428.0,643.0,436.0,658.0,349.0,672.0
6.0,370.0,189.0,401.0,113.0,438.0,114.0,479.0,118.0,552.0,134.0,536.0,173.0,492.0,189.0,432.0,211.0,360.0,237.0,256.0,292.0,245.0,308.0,250.0,313.0,328.0,304.0,393.0,307.0,461.0,323.0,529.0,355.0,527.0,369.0,445.0,400.0,385.0,420.0,334.0,444.0,281.0,482.0,277.0,489.0,284.0,491.0,315.0,498.0,322.0,506.0,330.0,519.0,384.0,536.0,422.0,548.0,457.0,562.0,477.0,588.0
6.0,380.0,109.0,420.0,108.0,466.0,111.0,552.0,128.0,597.0,132.0,636.0,157.0,623.0,168.0,592.0,177.0,493.0,188.0,440.0,197.0,379.0,236.0,370.0,251.0,411.0,272.0,448.0,282.0,486.0,293.0,559.0,318.0,605.0,340.0,611.0,348.0,587.0,370.0,508.0,391.0,460.0,403.0,382.0,438.0,361.0,458.0,348.0,485.0,360.0,494.0,425.0,511.0,525.0,537.0,581.0,552.0,626.0,568.0,650.0,583.0
6.0,217.0,282.0,222.0,190.0,230.0,157.0,253.0,136.0,352.0,123.0,408.0,125.0,456.0,133.0,492.0,142.0,526.0,163.0,476.0,182.0,427.0,195.0,344.0,244.0,318.0,267.0,310.0,285.0,332.0,301.0,413.0,315.0,462.0,324.0,541.0,348.0,565.0,363.0,574.0,375.0,543.0,388.0,472.0,402.0,437.0,414.0,385.0,436.0,364.0,451.0,340.0,468.0,346.0,479.0,356.0,485.0,389.0,489.0,435.0,497.0
6.0,475.0,164.0,501.0,169.0,553.0,181.0,597.0,195.0,608.0,204.0,612.0,236.0,576.0,276.0,544.0,291.0,471.0,323.0,418.0,362.0,403.0,377.0,385.0,401.0,409.0,398.0,436.0,397.0,512.0,397.0,587.0,412.0,614.0,424.0,639.0,449.0,635.0,473.0,591.0,492.0,518.0,511.0,482.0,520.0,436.0,540.0,437.0,554.0,446.0,562.0,479.0,574.0,513.0,591.0,531.0,597.0,558.0,611.0,568.0,620.0
6.0,408.0,133.0,465.0,134.0,496.0,136.0,560.0,151.0,589.0,160.0,639.0,167.0,655.0,185.0,648.0,193.0,609.0,201.0,531.0,204.0,489.0,209.0,418.0,229.0,396.0,239.0,385.0,249.0,397.0,256.0,445.0,264.0,495.0,269.0,594.0,296.0,634.0,316.0,655.0,336.0,657.0,370.0,628.0,378.0,538.0,395.0,484.0,409.0,431.0,426.0,357.0,459.0,349.0,469.0,369.0,475.0,406.0,475.0,505.0,477.0
6.0,248.0,133.0,264.0,124.0,325.0,118.0,368.0,118.0,411.0,124.0,464.0,139.0,471.0,145.0,428.0,159.0,381.0,167.0,327.0,175.0,255.0,220.0,238.0,243.0,229.0,260.0,239.0,273.0,262.0,275.0,295.0,276.0,379.0,283.0,450.0,303.0,466.0,317.0,468.0,330.0,447.0,345.0,368.0,372.0,323.0,390.0,279.0,411.0,220.0,452.0,209.0,467.0,204.0,474.0,224.0,480.0,245.0,483.0,299.0,497.0
6.0,366.0,138.0,408.0,136.0,486.0,141.0,518.0,148.0,546.0,157.0,570.0,172.0,557.0,179.0,465.0,189.0,411.0,203.0,362.0,218.0,303.0,253.0,294.0,268.0,305.0,288.0,332.0,293.0,421.0,302.0,470.0,308.0,539.0,330.0,552.0,341.0,555.0,354.0,506.0,380.0,466.0,391.0,425.0,405.0,351.0,434.0,331.0,447.0,310.0,476.0,309.0,488.0,332.0,505.0,359.0,512.0,396.0,518.0,474.0,532.0
6.0,291.0,182.0,310.0,151.0,346.0,137.0,428.0,133.0,465.0,138.0,495.0,145.0,521.0,163.0,505.0,172.0,410.0,189.0,361.0,208.0,291.0,252.0,266.0,288.0,266.0,294.0,304.0,296.0,342.0,295.0,387.0,299.0,463.0,324.0,480.0,339.0,485.0,355.0,472.0,373.0,411.0,407.0,373.0,425.0,338.0,443.0,285.0,473.0,265.0,491.0,268.0,496.0,297.0,507.0,324.0,515.0,355.0,527.0,429.0,553.0
6.0,420.0,130.0,428.0,130.0,451.0,131.0,467.0,132.0,515.0,137.0,552.0,150.0,570.0,152.0,567.0,166.0,514.0,176.0,469.0,176.0,376.0,198.0,312.0,228.0,296.0,245.0,286.0,264.0,292.0,263.0,332.0,256.0,394.0,257.0,468.0,263.0,501.0,276.0,544.0,310.0,537.0,335.0,511.0,348.0,434.0,377.0,363.0,410.0,348.0,426.0,312.0,461.0,303.0,473.0,297.0,485.0,308.0,496.0,339.0,498.0
6.0,353.0,141.0,366.0,140.0,386.0,141.0,438.0,147.0,486.0,164.0,503.0,170.0,499.0,186.0,461.0,208.0,435.0,219.0,377.0,246.0,342.0,268.0,337.0,276.0,346.0,282.0,384.0,290.0,403.0,295.0,417.0,302.0,437.0,314.0,467.0,346.0,479.0,370.0,469.0,381.0,427.0,407.0,385.0,438.0,364.0,452.0,318.0,474.0,306.0,479.0,261.0,509.0,326.0,498.0,345.0,497.0,393.0,513.0,457.0,530.0
6.0,436.0,135.0,452.0,137.0,496.0,149.0,520.0,156.0,562.0,171.0,568.0,188.0,551.0,196.0,485.0,209.0,406.0,239.0,369.0,258.0,339.0,283.0,320.0,311.0,350.0,345.0,387.0,359.0,446.0,373.0,542.0,403.0,551.0,418.0,536.0,433.0,434.0,462.0,370.0,486.0,320.0,509.0,290.0,528.0,289.0,536.0,294.0,549.0,317.0,567.0,382.0,588.0,415.0,610.0,492.0,663.0,591.0,693.0,586.0,696.0
6.0,425.0,121.0,457.0,122.0,477.0,125.0,532.0,133.0,584.0,145.0,605.0,154.0,610.0,166.0,576.0,173.0,544.0,173.0,462.0,174.0,403.0,184.0,385.0,190.0,397.0,187.0,450.0,189.0,486.0,193.0,523.0,202.0,584.0,239.0,604.0,260.0,615.0,284.0,590.0,320.0,539.0,334.0,407.0,360.0,354.0,381.0,318.0,412.0,319.0,416.0,338.0,420.0,440.0,429.0,495.0,439.0,542.0,451.0,572.0,468.0
6.0,401.0,155.0,438.0,153.0,483.0,154.0,534.0,163.0,579.0,172.0,608.0,184.0,621.0,193.0,610.0,206.0,569.0,218.0,457.0,256.0,406.0,273.0,373.0,289.0,361.0,296.0,419.0,294.0,474.0,295.0,528.0,299.0,625.0,328.0,659.0,347.0,676.0,365.0,680.0,384.0,669.0,404.0,632.0,424.0,574.0,442.0,500.0,463.0,425.0,487.0,325.0,533.0,318.0,540.0,377.0,541.0,381.0,541.0,434.0,536.0
6.0,398.0,149.0,440.0,148.0,460.0,146.0,506.0,147.0,551.0,154.0,573.0,154.0,597.0,159.0,598.0,164.0,562.0,173.0,502.0,177.0,465.0,179.0,403.0,193.0,358.0,214.0,342.0,224.0,329.0,240.0,347.0,246.0,368.0,250.0,426.0,269.0,491.0,299.0,518.0,317.0,559.0,355.0,572.0,385.0,568.0,395.0,531.0,408.0,479.0,421.0,451.0,430.0,402.0,456.0,360.0,481.0,353.0,488.0,375.0,493.0
6.0,372.0,156.0,404.0,153.0,488.0,158.0,575.0,181.0,593.0,184.0,587.0,208.0,560.0,219.0,430.0,262.0,365.0,300.0,348.0,316.0,345.0,343.0,387.0,360.0,421.0,368.0,480.0,374.0,535.0,393.0,551.0,402.0,553.0,419.0,523.0,443.0,474.0,465.0,437.0,477.0,357.0,503.0,321.0,525.0,314.0,534.0,325.0,544.0,347.0,557.0,400.0,569.0,459.0,589.0,498.0,609.0,521.0,618.0,534.0,637.0
6.0,449.0,120.0,477.0,128.0,518.0,147.0,556.0,160.0,550.0,178.0,531.0,186.0,457.0,196.0,384.0,224.0,346.0,256.0,337.0,266.0,343.0,284.0,377.0,298.0,401.0,303.0,450.0,325.0,488.0,355.0,493.0,380.0,478.0,394.0,433.0,419.0,395.0,449.0,368.0,463.0,334.0,483.0,339.0,486.0,350.0,483.0,382.0,484.0,396.0,505.0,411.0,509.0,435.0,527.0,468.0,554.0,482.0,564.0,489.0,585.0
6.0,469.0,126.0,498.0,128.0,558.0,138.0,604.0,156.0,621.0,162.0,625.0,177.0,580.0,193.0,541.0,200.0,451.0,222.0,410.0,239.0,356.0,274.0,357.0,297.0,407.0,308.0,441.0,314.0,514.0,324.0,583.0,341.0,628.0,362.0,635.0,372.0,626.0,393.0,580.0,411.0,550.0,422.0,519.0,433.0,422.0,473.0,387.0,490.0,343.0,519.0,334.0,538.0,345.0,546.0,393.0,556.0,464.0,566.0,502.0,571.0
6.0,353.0,132.0,433.0,141.0,474.0,152.0,540.0,174.0,554.0,188.0,540.0,217.0,480.0,252.0,439.0,271.0,361.0,316.0,338.0,340.0,323.0,379.0,345.0,400.0,372.0,405.0,459.0,414.0,531.0,429.0,553.0,440.0,558.0,449.0,554.0,458.0,511.0,474.0,451.0,498.0,423.0,512.0,368.0,535.0,349.0,546.0,355.0,547.0,368.0,560.0,404.0,571.0,424.0,578.0,468.0,591.0,499.0,608.0,533.0,618.0
6.0,427.0,105.0,458.0,115.0,490.0,130.0,569.0,145.0,594.0,154.0,599.0,170.0,586.0,183.0,526.0,193.0,487.0,194.0,410.0,214.0,364.0,249.0,356.0,265.0,346.0,293.0,387.0,307.0,447.0,325.0,494.0,337.0,531.0,356.0,548.0,370.0,554.0,387.0,532.0,395.0,491.0,403.0,387.0,431.0,357.0,449.0,351.0,464.0,366.0,481.0,404.0,498.0,437.0,514.0,522.0,544.0,561.0,557.0,593.0,569.0
6.0,300.0,156.0,386.0,149.0,435.0,154.0,527.0,175.0,584.0,195.0,591.0,208.0,585.0,232.0,539.0,261.0,510.0,276.0,453.0,311.0,415.0,343.0,405.0,358.0,411.0,384.0,438.0,400.0,460.0,402.0,526.0,416.0,596.0,424.0,622.0,430.0,662.0,442.0,668.0,448.0,667.0,454.0,628.0,464.0,553.0,481.0,510.0,492.0,445.0,521.0,405.0,544.0,410.0,552.0,439.0,565.0,458.0,572.0,515.0,579.0
6.0,427.0,122.0,444.0,116.0,491.0,118.0,545.0,125.0,576.0,125.0,607.0,142.0,605.0,151.0,585.0,155.0,525.0,163.0,454.0,167.0,418.0,167.0,368.0,178.0,348.0,187.0,347.0,190.0,374.0,180.0,434.0,191.0,465.0,207.0,520.0,244.0,559.0,277.0,576.0,311.0,573.0,329.0,531.0,351.0,499.0,358.0,433.0,374.0,375.0,390.0,354.0,402.0,335.0,423.0,349.0,431.0,368.0,436.0,424.0,445.0
6.0,367.0,150.0,400.0,149.0,472.0,156.0,539.0,170.0,562.0,179.0,583.0,194.0,553.0,214.0,521.0,224.0,446.0,248.0,361.0,277.0,317.0,298.0,293.0,319.0,320.0,349.0,334.0,356.0,355.0,363.0,396.0,365.0,437.0,374.0,537.0,395.0,570.0,407.0,598.0,436.0,600.0,454.0,580.0,477.0,478.0,510.0,429.0,524.0,330.0,559.0,308.0,569.0,301.0,577.0,313.0,586.0,330.0,591.0,411.0,607.0
3.0,380.0,94.0,389.0,97.0,414.0,114.0,468.0,155.0,504.0,225.0,604.0,367.0,646.0,408.0,709.0,454.0,725.0,441.0,752.0,393.0,788.0,315.0,813.0,260.0,862.0,163.0,876.0,136.0,862.0,113.0,844.0,110.0,792.0,127.0,686.0,188.0,584.0,257.0,419.0,406.0,343.0,445.0,310.0,442.0,313.0,363.0,321.0,308.0,336.0,157.0,348.0,111.0,350.0,62.0,343.0,64.0,349.0,81.0,346.0,116.0
3.0,321.0,61.0,338.0,64.0,350.0,72.0,389.0,110.0,473.0,176.0,537.0,262.0,674.0,423.0,704.0,466.0,738.0,501.0,754.0,471.0,756.0,441.0,766.0,347.0,789.0,290.0,805.0,177.0,807.0,142.0,779.0,105.0,741.0,97.0,703.0,109.0,675.0,122.0,594.0,173.0,460.0,274.0,403.0,339.0,352.0,386.0,265.0,424.0,269.0,384.0,277.0,329.0,303.0,183.0,333.0,130.0,332.0,102.0,315.0,94.0
3.0,295.0,105.0,296.0,105.0,303.0,99.0,330.0,83.0,383.0,123.0,617.0,420.0,670.0,481.0,674.0,507.0,715.0,493.0,728.0,449.0,732.0,315.0,765.0,192.0,773.0,163.0,757.0,140.0,720.0,144.0,694.0,154.0,593.0,232.0,531.0,326.0,443.0,462.0,370.0,472.0,349.0,414.0,344.0,384.0,340.0,303.0,343.0,249.0,348.0,190.0,363.0,116.0,357.0,99.0,358.0,101.0,349.0,101.0,344.0,102.0
3.0,353.0,111.0,352.0,112.0,354.0,114.0,361.0,118.0,404.0,152.0,447.0,194.0,579.0,418.0,660.0,524.0,672.0,545.0,698.0,551.0,717.0,537.0,738.0,474.0,761.0,331.0,772.0,252.0,800.0,162.0,783.0,141.0,766.0,143.0,696.0,182.0,629.0,227.0,481.0,366.0,386.0,459.0,322.0,485.0,305.0,476.0,308.0,429.0,314.0,393.0,326.0,286.0,370.0,163.0,383.0,131.0,375.0,120.0,371.0,115.0
3.0,365.0,117.0,364.0,118.0,361.0,115.0,371.0,108.0,465.0,252.0,603.0,443.0,691.0,527.0,705.0,565.0,718.0,566.0,727.0,544.0,720.0,447.0,725.0,370.0,779.0,212.0,801.0,146.0,794.0,135.0,767.0,137.0,704.0,178.0,641.0,223.0,486.0,366.0,425.0,411.0,366.0,443.0,351.0,443.0,334.0,425.0,341.0,384.0,347.0,347.0,371.0,229.0,409.0,144.0,395.0,133.0,382.0,126.0,373.0,123.0
3.0,407.0,123.0,407.0,124.0,406.0,128.0,412.0,127.0,524.0,288.0,648.0,439.0,722.0,503.0,740.0,528.0,757.0,503.0,760.0,476.0,761.0,367.0,799.0,236.0,826.0,194.0,841.0,140.0,837.0,129.0,823.0,124.0,785.0,155.0,746.0,188.0,613.0,289.0,499.0,388.0,458.0,418.0,404.0,453.0,386.0,460.0,373.0,438.0,377.0,409.0,377.0,328.0,377.0,281.0,385.0,175.0,387.0,128.0,380.0,116.0
3.0,387.0,117.0,386.0,117.0,391.0,120.0,439.0,155.0,528.0,281.0,592.0,368.0,679.0,470.0,697.0,494.0,719.0,503.0,736.0,475.0,740.0,450.0,758.0,351.0,775.0,296.0,808.0,185.0,819.0,156.0,814.0,124.0,785.0,123.0,763.0,134.0,664.0,197.0,480.0,329.0,409.0,388.0,365.0,425.0,328.0,451.0,306.0,464.0,307.0,430.0,318.0,377.0,333.0,300.0,349.0,202.0,371.0,142.0,363.0,123.0
3.0,353.0,131.0,353.0,128.0,361.0,128.0,385.0,130.0,519.0,310.0,633.0,444.0,710.0,505.0,737.0,529.0,756.0,502.0,760.0,469.0,767.0,360.0,801.0,232.0,821.0,187.0,827.0,148.0,818.0,147.0,787.0,174.0,690.0,245.0,536.0,389.0,471.0,441.0,380.0,506.0,357.0,522.0,349.0,514.0,358.0,465.0,363.0,427.0,367.0,304.0,370.0,233.0,385.0,144.0,373.0,127.0,369.0,128.0,369.0,124.0
3.0,353.0,125.0,354.0,126.0,357.0,129.0,394.0,148.0,434.0,187.0,572.0,394.0,642.0,470.0,704.0,541.0,726.0,557.0,737.0,550.0,752.0,518.0,757.0,491.0,777.0,405.0,819.0,268.0,854.0,225.0,870.0,169.0,858.0,157.0,820.0,158.0,751.0,203.0,679.0,257.0,511.0,434.0,441.0,494.0,352.0,562.0,313.0,580.0,294.0,563.0,294.0,537.0,302.0,428.0,320.0,249.0,339.0,177.0,351.0,152.0
3.0,371.0,142.0,370.0,144.0,378.0,141.0,400.0,168.0,466.0,264.0,709.0,502.0,749.0,534.0,756.0,537.0,741.0,502.0,719.0,433.0,717.0,381.0,758.0,246.0,788.0,196.0,810.0,139.0,802.0,124.0,793.0,126.0,752.0,163.0,711.0,196.0,559.0,328.0,493.0,397.0,398.0,471.0,356.0,501.0,347.0,502.0,353.0,483.0,362.0,462.0,382.0,399.0,399.0,282.0,438.0,161.0,438.0,141.0,429.0,134.0
3.0,414.0,136.0,412.0,136.0,408.0,140.0,413.0,136.0,443.0,154.0,632.0,420.0,742.0,509.0,785.0,551.0,804.0,553.0,791.0,535.0,768.0,466.0,770.0,414.0,806.0,286.0,832.0,177.0,826.0,142.0,805.0,109.0,793.0,103.0,759.0,125.0,685.0,190.0,607.0,241.0,464.0,401.0,426.0,444.0,367.0,500.0,343.0,498.0,344.0,455.0,356.0,352.0,354.0,271.0,357.0,156.0,355.0,136.0,346.0,129.0
3.0,344.0,129.0,344.0,129.0,363.0,143.0,421.0,220.0,493.0,334.0,678.0,512.0,739.0,557.0,773.0,573.0,769.0,540.0,768.0,511.0,767.0,484.0,778.0,399.0,821.0,268.0,841.0,218.0,858.0,167.0,851.0,149.0,811.0,133.0,789.0,138.0,717.0,171.0,662.0,201.0,495.0,305.0,444.0,377.0,378.0,495.0,364.0,521.0,344.0,521.0,351.0,498.0,355.0,461.0,355.0,343.0,340.0,183.0,330.0,153.0
3.0,318.0,118.0,320.0,122.0,344.0,147.0,370.0,185.0,409.0,237.0,487.0,379.0,661.0,538.0,701.0,576.0,731.0,555.0,711.0,518.0,708.0,443.0,712.0,380.0,738.0,235.0,776.0,199.0,767.0,152.0,735.0,139.0,719.0,144.0,671.0,177.0,528.0,247.0,456.0,327.0,377.0,483.0,328.0,515.0,299.0,520.0,274.0,484.0,273.0,451.0,271.0,388.0,284.0,216.0,287.0,145.0,273.0,119.0,268.0,100.0
3.0,249.0,102.0,252.0,105.0,264.0,112.0,284.0,135.0,341.0,170.0,442.0,279.0,613.0,470.0,666.0,516.0,695.0,549.0,714.0,524.0,701.0,496.0,694.0,441.0,701.0,331.0,716.0,204.0,716.0,169.0,705.0,121.0,680.0,108.0,666.0,113.0,636.0,140.0,555.0,194.0,494.0,220.0,364.0,353.0,322.0,431.0,264.0,484.0,213.0,502.0,203.0,488.0,193.0,417.0,193.0,243.0,199.0,164.0,190.0,128.0
3.0,208.0,104.0,221.0,105.0,247.0,131.0,293.0,179.0,388.0,342.0,503.0,496.0,607.0,560.0,687.0,593.0,736.0,579.0,723.0,534.0,720.0,489.0,726.0,368.0,748.0,217.0,754.0,180.0,726.0,150.0,705.0,152.0,628.0,194.0,441.0,272.0,369.0,367.0,237.0,589.0,203.0,612.0,175.0,609.0,171.0,596.0,172.0,536.0,162.0,362.0,162.0,248.0,150.0,113.0,128.0,84.0,127.0,94.0,128.0,97.0
3.0,160.0,104.0,175.0,101.0,197.0,117.0,368.0,322.0,491.0,459.0,599.0,519.0,673.0,560.0,758.0,553.0,800.0,493.0,957.0,245.0,1020.0,159.0,1020.0,104.0,972.0,107.0,947.0,99.0,815.0,165.0,695.0,236.0,448.0,484.0,340.0,605.0,321.0,603.0,320.0,560.0,325.0,482.0,311.0,396.0,308.0,161.0,313.0,108.0,306.0,74.0,280.0,127.0,287.0,118.0,284.0,105.0,284.0,110.0,285.0,109.0
3.0,263.0,103.0,261.0,104.0,261.0,99.0,269.0,84.0,305.0,135.0,458.0,362.0,645.0,499.0,713.0,550.0,803.0,546.0,836.0,513.0,888.0,431.0,889.0,335.0,942.0,183.0,956.0,138.0,955.0,116.0,944.0,123.0,844.0,179.0,750.0,245.0,508.0,464.0,439.0,537.0,412.0,594.0,414.0,594.0,401.0,569.0,402.0,524.0,400.0,489.0,392.0,361.0,382.0,269.0,405.0,127.0,402.0,113.0,403.0,113.0
3.0,344.0,102.0,338.0,108.0,336.0,108.0,357.0,194.0,405.0,394.0,506.0,479.0,707.0,578.0,757.0,585.0,794.0,548.0,849.0,481.0,881.0,428.0,995.0,276.0,1047.0,226.0,1093.0,169.0,1065.0,152.0,1016.0,166.0,830.0,268.0,666.0,355.0,428.0,506.0,359.0,558.0,343.0,564.0,351.0,500.0,359.0,411.0,344.0,195.0,348.0,133.0,337.0,113.0,314.0,102.0,318.0,103.0,319.0,103.0,316.0,106.0
3.0,286.0,100.0,281.0,105.0,281.0,102.0,318.0,166.0,385.0,251.0,573.0,477.0,631.0,541.0,702.0,603.0,729.0,593.0,722.0,527.0,766.0,415.0,798.0,321.0,882.0,165.0,876.0,130.0,848.0,102.0,790.0,144.0,729.0,189.0,511.0,356.0,451.0,446.0,427.0,504.0,361.0,545.0,305.0,543.0,330.0,438.0,345.0,334.0,343.0,155.0,334.0,134.0,326.0,126.0,323.0,128.0,324.0,126.0,321.0,131.0
3.0,284.0,107.0,284.0,107.0,279.0,108.0,275.0,129.0,333.0,236.0,403.0,388.0,534.0,505.0,680.0,616.0,718.0,620.0,719.0,572.0,747.0,478.0,796.0,298.0,822.0,204.0,840.0,108.0,819.0,90.0,776.0,91.0,701.0,169.0,624.0,227.0,434.0,415.0,410.0,488.0,323.0,553.0,266.0,574.0,242.0,567.0,232.0,499.0,236.0,423.0,251.0,320.0,282.0,210.0,280.0,140.0,274.0,128.0,251.0,127.0
3.0,261.0,124.0,263.0,123.0,264.0,126.0,270.0,124.0,288.0,130.0,351.0,189.0,519.0,412.0,680.0,533.0,748.0,585.0,807.0,584.0,837.0,531.0,881.0,419.0,909.0,342.0,978.0,212.0,990.0,176.0,990.0,132.0,946.0,123.0,909.0,128.0,799.0,194.0,617.0,363.0,532.0,441.0,425.0,539.0,407.0,548.0,415.0,505.0,417.0,412.0,417.0,357.0,411.0,254.0,416.0,200.0,406.0,134.0,393.0,121.0
3.0,317.0,124.0,318.0,118.0,330.0,142.0,394.0,258.0,704.0,553.0,776.0,583.0,840.0,562.0,887.0,460.0,917.0,384.0,972.0,207.0,995.0,124.0,983.0,103.0,952.0,83.0,927.0,85.0,853.0,117.0,709.0,246.0,491.0,442.0,430.0,496.0,404.0,522.0,387.0,520.0,390.0,476.0,370.0,415.0,365.0,382.0,347.0,298.0,340.0,240.0,337.0,184.0,317.0,118.0,313.0,110.0,309.0,111.0,307.0,117.0
3.0,288.0,115.0,288.0,114.0,292.0,115.0,311.0,101.0,354.0,148.0,501.0,360.0,666.0,512.0,738.0,563.0,776.0,565.0,776.0,527.0,786.0,409.0,816.0,252.0,839.0,182.0,855.0,108.0,822.0,89.0,802.0,92.0,730.0,128.0,676.0,165.0,487.0,338.0,383.0,496.0,354.0,536.0,340.0,545.0,348.0,517.0,346.0,454.0,353.0,273.0,354.0,198.0,342.0,169.0,321.0,150.0,307.0,149.0,296.0,147.0
3.0,288.0,111.0,287.0,113.0,287.0,109.0,297.0,93.0,328.0,126.0,466.0,358.0,670.0,532.0,736.0,599.0,764.0,610.0,762.0,586.0,733.0,515.0,730.0,469.0,746.0,341.0,763.0,266.0,827.0,131.0,812.0,120.0,769.0,122.0,737.0,137.0,637.0,203.0,464.0,444.0,406.0,533.0,315.0,611.0,297.0,606.0,296.0,560.0,307.0,525.0,326.0,425.0,337.0,264.0,343.0,184.0,337.0,135.0,329.0,128.0
3.0,307.0,124.0,309.0,124.0,317.0,126.0,360.0,184.0,498.0,440.0,581.0,519.0,654.0,575.0,710.0,588.0,753.0,523.0,748.0,452.0,779.0,302.0,789.0,217.0,804.0,126.0,786.0,111.0,745.0,101.0,688.0,141.0,643.0,182.0,459.0,409.0,380.0,503.0,276.0,571.0,279.0,548.0,297.0,492.0,305.0,406.0,301.0,214.0,321.0,158.0,318.0,134.0,316.0,128.0,318.0,130.0,319.0,133.0,319.0,134.0
3.0,327.0,133.0,326.0,130.0,331.0,130.0,337.0,141.0,416.0,338.0,530.0,507.0,717.0,634.0,756.0,614.0,753.0,497.0,760.0,376.0,764.0,311.0,788.0,197.0,799.0,160.0,800.0,112.0,773.0,103.0,747.0,113.0,662.0,165.0,594.0,211.0,422.0,421.0,341.0,539.0,274.0,579.0,260.0,571.0,268.0,533.0,272.0,390.0,265.0,292.0,286.0,194.0,279.0,119.0,286.0,103.0,295.0,108.0,307.0,113.0
3.0,283.0,126.0,301.0,120.0,334.0,153.0,465.0,377.0,761.0,605.0,800.0,561.0,788.0,514.0,774.0,412.0,761.0,335.0,763.0,192.0,772.0,113.0,753.0,101.0,716.0,99.0,691.0,114.0,622.0,184.0,473.0,395.0,412.0,487.0,364.0,544.0,312.0,584.0,280.0,592.0,269.0,576.0,299.0,504.0,292.0,372.0,295.0,290.0,303.0,148.0,313.0,125.0,337.0,114.0,351.0,110.0,358.0,115.0,355.0,122.0
3.0,364.0,194.0,380.0,278.0,406.0,339.0,462.0,462.0,527.0,541.0,553.0,561.0,605.0,567.0,617.0,560.0,604.0,547.0,588.0,522.0,582.0,492.0,608.0,349.0,616.0,261.0,660.0,155.0,666.0,143.0,652.0,154.0,572.0,211.0,495.0,293.0,394.0,500.0,322.0,588.0,309.0,595.0,295.0,576.0,299.0,521.0,304.0,483.0,317.0,349.0,305.0,267.0,334.0,159.0,361.0,148.0,381.0,135.0,383.0,137.0
3.0,353.0,160.0,359.0,195.0,425.0,385.0,463.0,462.0,600.0,572.0,672.0,593.0,731.0,581.0,732.0,546.0,722.0,521.0,714.0,447.0,745.0,301.0,746.0,227.0,748.0,159.0,731.0,153.0,706.0,154.0,583.0,235.0,505.0,339.0,418.0,515.0,358.0,553.0,335.0,561.0,329.0,543.0,340.0,498.0,359.0,408.0,355.0,340.0,368.0,177.0,375.0,144.0,378.0,92.0,381.0,87.0,385.0,94.0,379.0,93.0
3.0,342.0,101.0,335.0,108.0,341.0,129.0,361.0,165.0,460.0,311.0,576.0,457.0,617.0,509.0,664.0,553.0,677.0,544.0,693.0,487.0,702.0,437.0,715.0,294.0,719.0,225.0,718.0,146.0,700.0,124.0,680.0,116.0,643.0,123.0,617.0,139.0,535.0,218.0,474.0,302.0,412.0,464.0,330.0,531.0,290.0,557.0,274.0,558.0,267.0,543.0,273.0,497.0,277.0,456.0,312.0,293.0,313.0,211.0,299.0,170.0
3.0,315.0,139.0,316.0,137.0,320.0,142.0,326.0,141.0,336.0,143.0,354.0,159.0,433.0,293.0,480.0,414.0,529.0,504.0,584.0,561.0,635.0,594.0,677.0,578.0,622.0,519.0,612.0,480.0,617.0,361.0,614.0,283.0,619.0,170.0,608.0,127.0,595.0,115.0,588.0,111.0,567.0,123.0,547.0,137.0,498.0,198.0,428.0,336.0,418.0,418.0,368.0,507.0,317.0,547.0,286.0,559.0,271.0,549.0,299.0,503.0
3.0,361.0,169.0,368.0,173.0,377.0,175.0,384.0,178.0,438.0,308.0,491.0,417.0,564.0,502.0,650.0,566.0,674.0,544.0,674.0,443.0,686.0,392.0,702.0,261.0,711.0,178.0,704.0,148.0,678.0,125.0,651.0,124.0,635.0,133.0,591.0,180.0,494.0,293.0,458.0,384.0,419.0,498.0,390.0,533.0,332.0,554.0,321.0,548.0,338.0,514.0,353.0,460.0,351.0,411.0,329.0,260.0,328.0,175.0,331.0,123.0
3.0,344.0,140.0,344.0,140.0,346.0,147.0,357.0,164.0,402.0,206.0,449.0,300.0,561.0,456.0,602.0,499.0,651.0,531.0,661.0,503.0,654.0,479.0,648.0,424.0,642.0,379.0,634.0,260.0,645.0,151.0,647.0,118.0,639.0,99.0,632.0,98.0,610.0,114.0,592.0,138.0,511.0,229.0,461.0,330.0,353.0,504.0,304.0,555.0,274.0,579.0,262.0,553.0,272.0,523.0,306.0,414.0,328.0,315.0,341.0,221.0
3.0,330.0,118.0,358.0,149.0,388.0,191.0,483.0,357.0,579.0,456.0,615.0,480.0,664.0,485.0,689.0,452.0,700.0,412.0,725.0,315.0,732.0,254.0,736.0,166.0,719.0,143.0,704.0,148.0,628.0,191.0,561.0,242.0,427.0,383.0,320.0,471.0,293.0,491.0,285.0,477.0,304.0,393.0,311.0,326.0,335.0,178.0,360.0,130.0,359.0,122.0,355.0,120.0,354.0,117.0,354.0,115.0,357.0,111.0,361.0,108.0
3.0,386.0,70.0,384.0,68.0,397.0,67.0,404.0,85.0,461.0,173.0,503.0,279.0,651.0,463.0,767.0,531.0,799.0,515.0,920.0,468.0,960.0,411.0,1009.0,261.0,1015.0,166.0,1004.0,136.0,949.0,115.0,912.0,120.0,787.0,177.0,591.0,301.0,487.0,375.0,378.0,478.0,362.0,493.0,366.0,467.0,375.0,415.0,385.0,273.0,387.0,141.0,404.0,109.0,409.0,77.0,415.0,77.0,421.0,69.0,424.0,71.0
3.0,382.0,64.0,377.0,60.0,377.0,52.0,402.0,87.0,437.0,140.0,628.0,425.0,776.0,535.0,790.0,533.0,787.0,480.0,794.0,437.0,838.0,318.0,839.0,230.0,861.0,137.0,825.0,100.0,803.0,101.0,756.0,135.0,709.0,189.0,527.0,375.0,393.0,510.0,332.0,550.0,350.0,526.0,369.0,451.0,381.0,381.0,383.0,219.0,385.0,152.0,416.0,102.0,418.0,85.0,418.0,85.0,419.0,87.0,419.0,89.0
3.0,396.0,72.0,398.0,68.0,436.0,131.0,466.0,183.0,614.0,445.0,697.0,531.0,721.0,537.0,771.0,499.0,789.0,380.0,805.0,291.0,854.0,142.0,865.0,112.0,856.0,92.0,832.0,101.0,796.0,127.0,612.0,239.0,483.0,347.0,306.0,485.0,284.0,478.0,286.0,429.0,293.0,357.0,354.0,278.0,394.0,150.0,420.0,109.0,454.0,88.0,455.0,100.0,460.0,108.0,458.0,108.0,459.0,88.0,454.0,87.0
3.0,441.0,80.0,459.0,94.0,496.0,128.0,543.0,216.0,730.0,501.0,779.0,547.0,810.0,559.0,819.0,539.0,833.0,455.0,852.0,367.0,885.0,264.0,937.0,131.0,934.0,109.0,919.0,101.0,874.0,117.0,823.0,154.0,603.0,342.0,486.0,439.0,366.0,520.0,359.0,518.0,368.0,489.0,391.0,337.0,405.0,220.0,433.0,134.0,435.0,92.0,427.0,91.0,425.0,90.0,420.0,94.0,415.0,100.0,420.0,99.0
3.0,430.0,78.0,429.0,79.0,426.0,78.0,442.0,91.0,486.0,147.0,591.0,343.0,807.0,535.0,861.0,510.0,877.0,478.0,887.0,338.0,901.0,228.0,914.0,143.0,906.0,95.0,858.0,71.0,834.0,84.0,785.0,126.0,535.0,360.0,361.0,493.0,337.0,495.0,360.0,403.0,375.0,316.0,390.0,209.0,425.0,98.0,422.0,70.0,427.0,70.0,435.0,74.0,442.0,73.0,447.0,76.0,446.0,71.0,441.0,74.0
3.0,412.0,52.0,410.0,52.0,408.0,55.0,480.0,144.0,686.0,423.0,752.0,500.0,813.0,536.0,826.0,526.0,860.0,477.0,896.0,362.0,901.0,284.0,921.0,163.0,900.0,94.0,881.0,79.0,844.0,76.0,830.0,88.0,731.0,172.0,635.0,289.0,436.0,500.0,369.0,538.0,365.0,536.0,367.0,508.0,376.0,469.0,378.0,300.0,401.0,117.0,420.0,83.0,434.0,59.0,432.0,68.0,426.0,60.0,417.0,65.0
3.0,419.0,60.0,412.0,59.0,405.0,59.0,401.0,60.0,412.0,79.0,492.0,234.0,601.0,369.0,742.0,510.0,766.0,529.0,773.0,509.0,775.0,447.0,790.0,396.0,804.0,227.0,825.0,164.0,846.0,111.0,826.0,67.0,814.0,57.0,776.0,69.0,682.0,145.0,578.0,215.0,411.0,419.0,373.0,482.0,319.0,520.0,313.0,501.0,319.0,438.0,339.0,209.0,364.0,123.0,383.0,86.0,384.0,96.0,391.0,85.0
3.0,390.0,81.0,391.0,80.0,404.0,84.0,426.0,113.0,473.0,205.0,777.0,525.0,823.0,560.0,846.0,520.0,849.0,456.0,855.0,360.0,886.0,157.0,892.0,107.0,873.0,92.0,828.0,98.0,778.0,133.0,675.0,206.0,412.0,463.0,332.0,509.0,321.0,494.0,326.0,448.0,330.0,372.0,355.0,158.0,378.0,114.0,401.0,80.0,415.0,84.0,425.0,85.0,426.0,93.0,420.0,90.0,416.0,84.0,410.0,84.0
3.0,384.0,96.0,382.0,73.0,399.0,50.0,434.0,98.0,718.0,455.0,819.0,530.0,845.0,538.0,836.0,503.0,835.0,478.0,852.0,356.0,861.0,241.0,871.0,156.0,843.0,99.0,832.0,95.0,816.0,108.0,686.0,238.0,585.0,382.0,498.0,463.0,430.0,499.0,434.0,474.0,440.0,340.0,441.0,239.0,449.0,141.0,427.0,80.0,416.0,74.0,414.0,83.0,414.0,79.0,406.0,82.0,396.0,82.0,386.0,81.0
3.0,320.0,86.0,322.0,85.0,342.0,91.0,363.0,136.0,399.0,259.0,579.0,488.0,636.0,518.0,684.0,530.0,721.0,524.0,765.0,458.0,783.0,394.0,796.0,305.0,824.0,148.0,826.0,119.0,818.0,103.0,798.0,101.0,675.0,169.0,435.0,413.0,339.0,482.0,254.0,516.0,254.0,455.0,272.0,382.0,313.0,193.0,342.0,123.0,353.0,90.0,332.0,86.0,327.0,83.0,326.0,84.0,327.0,86.0,326.0,87.0
3.0,339.0,79.0,339.0,81.0,337.0,79.0,385.0,121.0,493.0,297.0,659.0,491.0,768.0,578.0,785.0,574.0,795.0,548.0,807.0,425.0,812.0,322.0,834.0,137.0,816.0,103.0,782.0,89.0,708.0,138.0,624.0,210.0,514.0,308.0,364.0,482.0,332.0,516.0,304.0,537.0,299.0,513.0,285.0,412.0,290.0,315.0,361.0,119.0,358.0,94.0,337.0,79.0,325.0,78.0,320.0,79.0,326.0,81.0,338.0,81.0
3.0,354.0,61.0,354.0,62.0,362.0,67.0,385.0,108.0,539.0,495.0,677.0,589.0,723.0,566.0,718.0,525.0,737.0,384.0,780.0,190.0,824.0,123.0,801.0,62.0,799.0,50.0,786.0,59.0,727.0,110.0,644.0,195.0,367.0,438.0,316.0,469.0,309.0,465.0,315.0,445.0,309.0,384.0,343.0,243.0,375.0,169.0,411.0,82.0,402.0,70.0,401.0,62.0,398.0,65.0,397.0,61.0,408.0,70.0,418.0,62.0
3.0,410.0,66.0,407.0,63.0,412.0,72.0,430.0,92.0,546.0,438.0,663.0,545.0,781.0,603.0,774.0,556.0,786.0,488.0,863.0,302.0,875.0,202.0,904.0,112.0,862.0,80.0,833.0,77.0,760.0,98.0,563.0,284.0,380.0,465.0,256.0,531.0,260.0,506.0,258.0,479.0,252.0,382.0,257.0,309.0,298.0,149.0,335.0,96.0,336.0,85.0,337.0,70.0,338.0,69.0,347.0,70.0,352.0,67.0,361.0,70.0
3.0,377.0,75.0,374.0,79.0,365.0,76.0,368.0,67.0,394.0,174.0,491.0,410.0,820.0,629.0,912.0,647.0,948.0,577.0,952.0,448.0,960.0,360.0,971.0,204.0,971.0,159.0,969.0,98.0,940.0,71.0,913.0,70.0,885.0,58.0,860.0,67.0,739.0,155.0,455.0,373.0,324.0,453.0,297.0,467.0,326.0,407.0,356.0,309.0,391.0,180.0,406.0,68.0,369.0,88.0,357.0,101.0,357.0,104.0,361.0,103.0
3.0,352.0,98.0,364.0,79.0,380.0,48.0,396.0,97.0,593.0,504.0,670.0,548.0,718.0,554.0,747.0,471.0,752.0,413.0,797.0,272.0,822.0,203.0,855.0,131.0,826.0,108.0,793.0,117.0,679.0,189.0,590.0,261.0,423.0,403.0,352.0,420.0,311.0,396.0,311.0,373.0,318.0,301.0,337.0,187.0,361.0,134.0,384.0,88.0,385.0,68.0,384.0,74.0,386.0,81.0,389.0,81.0,391.0,75.0,390.0,75.0
3.0,391.0,80.0,389.0,74.0,398.0,95.0,467.0,323.0,576.0,456.0,694.0,546.0,748.0,549.0,757.0,530.0,755.0,434.0,790.0,277.0,809.0,195.0,837.0,118.0,825.0,107.0,795.0,112.0,675.0,228.0,568.0,343.0,345.0,469.0,296.0,488.0,277.0,455.0,272.0,386.0,275.0,337.0,286.0,188.0,325.0,108.0,351.0,86.0,381.0,71.0,392.0,77.0,415.0,82.0,442.0,81.0,456.0,77.0,465.0,77.0
3.0,401.0,76.0,419.0,83.0,431.0,132.0,446.0,330.0,485.0,446.0,598.0,582.0,653.0,602.0,728.0,598.0,803.0,546.0,839.0,506.0,904.0,374.0,964.0,244.0,970.0,205.0,920.0,195.0,786.0,262.0,702.0,344.0,516.0,476.0,461.0,497.0,396.0,513.0,389.0,505.0,404.0,449.0,399.0,321.0,396.0,231.0,386.0,111.0,378.0,86.0,376.0,78.0,377.0,83.0,372.0,84.0,366.0,85.0,364.0,91.0
3.0,358.0,84.0,355.0,82.0,358.0,88.0,386.0,143.0,418.0,240.0,632.0,434.0,717.0,502.0,765.0,522.0,793.0,511.0,808.0,451.0,840.0,326.0,854.0,256.0,889.0,162.0,889.0,139.0,854.0,141.0,756.0,232.0,665.0,349.0,462.0,490.0,392.0,524.0,346.0,541.0,337.0,519.0,338.0,485.0,345.0,336.0,337.0,256.0,329.0,133.0,345.0,106.0,363.0,83.0,370.0,79.0,373.0,82.0,370.0,87.0
3.0,345.0,80.0,341.0,78.0,339.0,78.0,370.0,119.0,495.0,336.0,646.0,459.0,715.0,532.0,728.0,541.0,754.0,527.0,764.0,468.0,768.0,410.0,804.0,253.0,821.0,179.0,829.0,96.0,807.0,84.0,775.0,84.0,697.0,162.0,499.0,416.0,419.0,479.0,334.0,504.0,329.0,458.0,328.0,417.0,333.0,295.0,343.0,213.0,374.0,109.0,369.0,71.0,363.0,66.0,374.0,72.0,378.0,77.0,383.0,82.0
3.0,360.0,81.0,362.0,75.0,368.0,73.0,406.0,105.0,435.0,193.0,674.0,476.0,804.0,581.0,806.0,588.0,773.0,553.0,763.0,525.0,795.0,440.0,819.0,365.0,870.0,217.0,908.0,146.0,906.0,141.0,876.0,165.0,730.0,323.0,625.0,439.0,468.0,539.0,435.0,562.0,444.0,557.0,461.0,504.0,464.0,456.0,452.0,292.0,445.0,201.0,431.0,109.0,408.0,85.0,402.0,91.0,395.0,96.0,389.0,97.0
3.0,358.0,92.0,356.0,88.0,355.0,88.0,351.0,88.0,355.0,108.0,461.0,437.0,566.0,529.0,604.0,573.0,585.0,536.0,615.0,507.0,616.0,372.0,653.0,287.0,709.0,142.0,724.0,68.0,702.0,73.0,711.0,54.0,680.0,82.0,630.0,148.0,395.0,411.0,292.0,505.0,291.0,553.0,300.0,553.0,259.0,542.0,278.0,495.0,273.0,433.0,271.0,277.0,247.0,143.0,266.0,129.0,259.0,105.0,257.0,99.0
3.0,261.0,96.0,272.0,99.0,276.0,101.0,286.0,114.0,350.0,188.0,420.0,318.0,643.0,517.0,735.0,552.0,741.0,534.0,733.0,457.0,751.0,357.0,770.0,300.0,798.0,179.0,813.0,144.0,807.0,115.0,789.0,120.0,718.0,172.0,570.0,367.0,496.0,473.0,381.0,555.0,366.0,555.0,383.0,529.0,390.0,471.0,381.0,413.0,350.0,273.0,337.0,148.0,327.0,126.0,313.0,115.0,309.0,115.0,302.0,121.0
3.0,297.0,113.0,316.0,139.0,337.0,240.0,379.0,366.0,457.0,466.0,561.0,557.0,642.0,581.0,661.0,571.0,660.0,558.0,654.0,499.0,653.0,361.0,668.0,271.0,696.0,153.0,690.0,134.0,638.0,141.0,504.0,226.0,411.0,348.0,254.0,542.0,217.0,584.0,208.0,592.0,198.0,581.0,197.0,554.0,207.0,451.0,212.0,366.0,235.0,195.0,244.0,150.0,277.0,111.0,292.0,100.0,295.0,99.0,293.0,97.0
3.0,319.0,102.0,323.0,109.0,333.0,120.0,399.0,218.0,619.0,469.0,741.0,550.0,825.0,600.0,776.0,547.0,749.0,517.0,721.0,429.0,727.0,289.0,737.0,217.0,757.0,127.0,745.0,111.0,719.0,101.0,694.0,107.0,673.0,126.0,567.0,242.0,489.0,371.0,343.0,523.0,307.0,557.0,311.0,553.0,310.0,527.0,293.0,475.0,285.0,425.0,284.0,274.0,288.0,191.0,313.0,128.0,323.0,118.0,332.0,114.0
3.0,318.0,110.0,329.0,111.0,338.0,114.0,373.0,155.0,411.0,249.0,619.0,490.0,730.0,599.0,747.0,616.0,764.0,595.0,767.0,560.0,788.0,428.0,810.0,326.0,835.0,164.0,822.0,118.0,805.0,117.0,756.0,151.0,698.0,196.0,522.0,390.0,407.0,521.0,393.0,540.0,398.0,523.0,410.0,499.0,424.0,369.0,425.0,286.0,437.0,164.0,423.0,140.0,416.0,138.0,404.0,140.0,398.0,141.0,388.0,147.0
3.0,368.0,117.0,366.0,119.0,369.0,131.0,385.0,158.0,563.0,462.0,665.0,548.0,740.0,602.0,729.0,571.0,712.0,528.0,711.0,496.0,739.0,378.0,756.0,204.0,773.0,154.0,781.0,104.0,770.0,97.0,750.0,107.0,695.0,160.0,637.0,223.0,467.0,415.0,414.0,474.0,351.0,538.0,340.0,547.0,342.0,541.0,354.0,512.0,362.0,480.0,369.0,357.0,355.0,204.0,359.0,153.0,353.0,129.0,345.0,129.0
3.0,335.0,137.0,334.0,140.0,375.0,275.0,484.0,405.0,649.0,549.0,671.0,574.0,667.0,568.0,668.0,530.0,695.0,491.0,719.0,309.0,739.0,142.0,745.0,105.0,715.0,90.0,708.0,85.0,665.0,128.0,600.0,198.0,422.0,473.0,341.0,541.0,345.0,541.0,345.0,533.0,335.0,526.0,303.0,502.0,296.0,477.0,285.0,361.0,291.0,189.0,312.0,149.0,326.0,124.0,324.0,123.0,317.0,127.0,307.0,137.0
